tree
version=v4
num_class=1
num_tree_per_iteration=1
label_index=0
max_feature_idx=7
objective=regression
feature_names=priority_level emergency duration_minutes requires_power_block requires_traffic_block overdue_days location_km resource_pressure
feature_infos=[0:3] [0:1] [20:180] [0:1] [0:1] [0:30] [0.025899825187278291:24.985633433958977] [0:3]
tree_sizes=1352 1392 1385 1393 1397 1398 1395 1394 1397 1401 1416 1399 1408 1410 1412 1406 1422 1410 1412 1419 1415 1420 1410 1422 1410 1422 1399 1420 1431 1411 1404 1421 1413 1428 1422 1415 1419 1435 1413 1415 1409 1426 1432 1423 1416 1427 1434 1429 1418 1434 1422 1420 1425 1427 1427 1419 1428 1420 1424 1421 1428 1428 1434 1417 1425 1422 1429 1432 1415 1439 1418 1430 1442 1425 1429 1430 1424 1432 1422 1425 1415 1420 1440 1442 1431 1435 1430 1436 1430 1423

Tree=0
num_leaves=15
num_cat=0
split_feature=0 1 1 0 0 0 0 5 5 5 5 5 5 5
split_gain=395986 185288 123839 32680.9 29156.6 28918.1 9294.62 8082.51 6981.22 6912.45 5652.11 5386.11 5294.16 3640.34
threshold=1.5000000000000002 1.0000000180025095e-35 1.0000000180025095e-35 1.0000000180025095e-35 2.5000000000000004 1.0000000180025095e-35 2.5000000000000004 12.500000000000002 10.500000000000002 12.500000000000002 12.500000000000002 10.500000000000002 14.500000000000002 9.5000000000000018
decision_type=2 2 2 2 2 2 2 2 2 2 2 2 2 2
left_child=1 3 4 11 12 8 13 -6 -3 -5 -7 -1 -2 -4
right_child=2 5 6 9 7 10 -8 -9 -10 -11 -12 -13 -14 -15
leaf_value=61.78504046396629 63.565354778442483 63.222525163106617 64.940889405499803 62.680208882111856 64.304135620344752 64.198570238942224 65.785745344242528 64.941393919217489 63.863789668477594 63.241731427281145 64.746850065213764 62.315108903401033 64.07247813617721 65.431484765026184
leaf_weight=74 87 64 55 97 81 81 185 129 126 126 112 136 126 121
leaf_count=74 87 64 55 97 81 81 185 129 126 126 112 136 126 121
internal_value=64.0556 63.2846 64.8581 62.5759 64.2775 64.0857 65.5383 64.6956 63.6478 62.9975 64.5167 62.1283 63.8653 65.2782
internal_weight=1600 816 784 433 423 383 361 210 190 223 193 210 213 176
internal_count=1600 816 784 433 423 383 361 210 190 223 193 210 213 176
is_linear=0
shrinkage=1


Tree=1
num_leaves=15
num_cat=0
split_feature=0 1 1 0 0 0 0 5 5 5 5 5 5 5
split_gain=357377 167223 111765 29494.5 26313.9 26098.6 8388.4 7319.74 6360.64 6260.54 5115.46 4860.96 4787.85 3285.41
threshold=1.5000000000000002 1.0000000180025095e-35 1.0000000180025095e-35 1.0000000180025095e-35 2.5000000000000004 1.0000000180025095e-35 2.5000000000000004 13.500000000000002 12.500000000000002 11.500000000000002 10.500000000000002 10.500000000000002 15.500000000000002 9.5000000000000018
decision_type=2 2 2 2 2 2 2 2 2 2 2 2 2 2
left_child=1 3 4 11 12 8 13 -6 -3 -5 -7 -1 -2 -4
right_child=2 5 6 9 7 10 -8 -9 -10 -11 -12 -13 -14 -15
leaf_value=-2.1570025160505963 -0.43994997512818002 -0.74171025819684333 0.8410539592396129 -1.3333157038146801 0.26716242144505181 0.089107617261299107 1.6436671458063898 0.86366947730382282 -0.15118551625167592 -0.79128966067124296 0.62797481222748752 -1.6534375029451707 0.036059304480922635 1.3071195574831371
leaf_weight=74 97 76 55 88 90 68 185 120 114 135 125 136 116 121
leaf_count=74 97 76 55 88 90 68 185 120 114 135 125 136 116 121
internal_value=7.14915e-09 -0.732464 0.76236 -1.40564 0.210857 0.0285928 1.40858 0.608024 -0.387395 -1.00518 0.438115 -1.83088 -0.180715 1.16147
internal_weight=1600 816 784 433 423 383 361 210 190 223 193 210 213 176
internal_count=1600 816 784 433 423 383 361 210 190 223 193 210 213 176
is_linear=0
shrinkage=0.05


Tree=2
num_leaves=15
num_cat=0
split_feature=0 1 1 0 0 0 0 5 5 5 5 5 5 5
split_gain=322533 150918 100868 26618.8 23748.3 23554 7570.53 6641.2 5760.09 5693.52 4667.61 4387.02 4353.25 2966.29
threshold=1.5000000000000002 1.0000000180025095e-35 1.0000000180025095e-35 1.0000000180025095e-35 2.5000000000000004 1.0000000180025095e-35 2.5000000000000004 12.500000000000002 10.500000000000002 9.5000000000000018 12.500000000000002 10.500000000000002 14.500000000000002 14.500000000000002
decision_type=2 2 2 2 2 2 2 2 2 2 2 2 2 2
left_child=1 3 4 11 12 8 13 -6 -3 -5 -7 -1 -2 -4
right_child=2 5 6 9 7 10 -8 -9 -10 -11 -12 -13 -14 -15
leaf_value=-2.0491523781338254 -0.44370640785080095 -0.75430653763469313 0.87594671005123781 -1.2927019691467285 0.22277976974936917 0.1270711527183008 1.561483706912479 0.8004306183304899 -0.17181947399226449 -0.76595757532786657 0.62531786587621485 -1.5707656169638915 0.016149230112159064 1.2886460835171729
leaf_weight=74 87 64 79 80 81 81 185 129 126 143 112 136 126 97
leaf_count=74 87 64 79 80 81 81 185 129 126 143 112 136 126 97
internal_value=2.5772e-09 -0.695841 0.724242 -1.33536 0.200315 0.0271632 1.33815 0.577622 -0.368026 -0.954924 0.416209 -1.73934 -0.171679 1.1034
internal_weight=1600 816 784 433 423 383 361 210 190 223 193 210 213 176
internal_count=1600 816 784 433 423 383 361 210 190 223 193 210 213 176
is_linear=0
shrinkage=0.05


Tree=3
num_leaves=15
num_cat=0
split_feature=0 1 1 0 0 0 0 5 5 5 5 5 5 5
split_gain=291086 136204 91033.1 24023.5 21432.8 21257.5 6832.4 6013.91 5249.53 5202.38 4246.51 4011.84 3959.29 2807.59
threshold=1.5000000000000002 1.0000000180025095e-35 1.0000000180025095e-35 1.0000000180025095e-35 2.5000000000000004 1.0000000180025095e-35 2.5000000000000004 13.500000000000002 12.500000000000002 12.500000000000002 8.5000000000000018 17.500000000000004 10.500000000000002 5.5000000000000009
decision_type=2 2 2 2 2 2 2 2 2 2 2 2 2 2
left_child=1 3 4 12 11 8 13 -6 -3 -5 -7 -2 -1 -4
right_child=2 5 6 9 7 10 -8 -9 -10 -11 -12 -13 -14 -15
leaf_value=-1.9466947594204465 -0.3596549479625164 -0.67150801387860592 0.6163297895462283 -1.1824220192801094 0.23977705389468207 0.033122960438853814 1.4834095377535435 0.78046451489130664 -0.13503527457850348 -0.69528376259027969 0.54723481235696991 0.076462050550617278 -1.4922273516654969 1.1405676740613477
leaf_weight=74 117 76 31 97 90 57 185 120 114 126 136 96 136 145
leaf_count=74 117 76 31 97 90 57 185 120 114 126 136 96 136 145
internal_value=-2.39586e-09 -0.661049 0.68803 -1.26859 0.190299 0.025805 1.27124 0.548741 -0.349624 -0.907178 0.395399 -0.163095 -1.65237 1.04823
internal_weight=1600 816 784 433 423 383 361 210 190 223 193 213 210 176
internal_count=1600 816 784 433 423 383 361 210 190 223 193 213 210 176
is_linear=0
shrinkage=0.05


Tree=4
num_leaves=15
num_cat=0
split_feature=0 1 1 0 0 0 0 5 5 5 5 5 5 4
split_gain=262705 122924 82157.4 21681.2 19343.1 19184.9 6166.24 5571.4 4784.69 4752.5 3896.7 3635.66 3573.26 3399.78
threshold=1.5000000000000002 1.0000000180025095e-35 1.0000000180025095e-35 1.0000000180025095e-35 2.5000000000000004 1.0000000180025095e-35 2.5000000000000004 8.5000000000000018 7.5000000000000009 10.500000000000002 12.500000000000002 14.500000000000002 10.500000000000002 1.0000000180025095e-35
decision_type=2 2 2 2 2 2 2 2 2 2 2 2 2 2
left_child=1 3 4 12 11 9 -4 -6 -5 -3 -7 -2 -1 -10
right_child=2 5 6 8 7 10 -8 -9 13 -11 -12 -13 -14 -15
leaf_value=-1.8493600548924627 -0.40353835810875077 -0.6830158264259808 0.99581880227408637 -1.2229098378694976 0.11879987726980423 0.1114449689095771 1.4092390436739537 0.68608792222436243 -0.94228685408830648 -0.15392209798252832 0.56669023123436746 0.016710542745533446 -1.4176159802605124 -0.47837905711852591
leaf_weight=74 87 64 176 65 61 81 185 149 80 126 112 126 136 78
leaf_count=74 87 64 176 65 61 81 185 149 80 126 112 126 136 78
internal_value=-2.52697e-09 -0.627996 0.653629 -1.20516 0.180784 0.0245148 1.20768 0.521304 -0.861819 -0.332143 0.375629 -0.15494 -1.56975 -0.713269
internal_weight=1600 816 784 433 423 383 361 210 223 190 193 213 210 158
internal_count=1600 816 784 433 423 383 361 210 223 190 193 213 210 158
is_linear=0
shrinkage=0.05


Tree=5
num_leaves=15
num_cat=0
split_feature=0 1 1 0 0 0 0 5 5 5 5 5 5 4
split_gain=237091 110939 74147 19567.3 17457.2 17314.3 5565.04 5028.88 4431.52 4332.56 3543.93 3352.75 3224.86 2745.01
threshold=1.5000000000000002 1.0000000180025095e-35 1.0000000180025095e-35 1.0000000180025095e-35 2.5000000000000004 1.0000000180025095e-35 2.5000000000000004 13.500000000000002 15.500000000000002 12.500000000000002 8.5000000000000018 17.500000000000004 10.500000000000002 1.0000000180025095e-35
decision_type=2 2 2 2 2 2 2 2 2 2 2 2 2 2
left_child=1 3 4 12 11 9 -4 -6 -5 -3 -7 -2 -1 -12
right_child=2 5 6 8 7 10 -8 -9 -10 -11 13 -13 -14 -15
leaf_value=-1.7568920238597974 -0.32688307994260241 -0.60795886751852546 0.94602785171432924 -1.0289836360236346 0.21270856956226961 0.025894567669418295 1.3387771029085727 0.70713688169916478 -0.58244095031704224 -0.12058740010109258 0.24647566238876251 0.071803418799148255 -1.3467351841575961 0.69814032912254342
leaf_weight=74 117 76 176 118 90 57 185 120 105 114 61 96 136 75
leaf_count=74 117 76 176 118 90 57 185 120 105 114 61 96 136 75
internal_value=7.17118e-11 -0.596596 0.620947 -1.1449 0.171745 0.023289 1.1473 0.495239 -0.818728 -0.315536 0.356847 -0.147193 -1.49127 0.495555
internal_weight=1600 816 784 433 423 383 361 210 223 190 193 213 210 136
internal_count=1600 816 784 433 423 383 361 210 223 190 193 213 210 136
is_linear=0
shrinkage=0.05


Tree=6
num_leaves=15
num_cat=0
split_feature=0 1 1 0 0 0 0 5 5 5 5 5 4 5
split_gain=213975 100122 66917.7 17659.5 15755.1 15626.2 5022.44 4663.53 4057.57 3927.1 3258.9 3192.58 3059.14 2991.25
threshold=1.5000000000000002 1.0000000180025095e-35 1.0000000180025095e-35 1.0000000180025095e-35 2.5000000000000004 1.0000000180025095e-35 2.5000000000000004 8.5000000000000018 7.5000000000000009 9.5000000000000018 12.500000000000002 8.5000000000000018 1.0000000180025095e-35 16.500000000000004
decision_type=2 2 2 2 2 2 2 2 2 2 2 2 2 2
left_child=1 3 4 13 11 9 -4 -6 -5 -3 -7 -2 -10 -1
right_child=2 5 6 8 7 10 -8 -9 12 -11 -12 -13 -14 -15
leaf_value=-1.5801278058687847 -0.5086670046267302 -0.63847750240968448 0.89872646440370851 -1.1103151416778565 0.10222445554328992 0.097406852406300148 1.2718382270916089 0.621238231958959 -0.8582359435409308 -0.14720665843773437 0.51373212889635134 -0.03823893045013893 -0.41818191244816172 -1.1988039967748854
leaf_weight=120 46 59 176 65 61 81 185 149 80 131 112 167 78 90
leaf_count=120 46 59 176 65 61 81 185 149 80 131 112 167 78 90
internal_value=-1.37155e-09 -0.566767 0.5899 -1.08766 0.163157 0.0221246 1.08993 0.470477 -0.777792 -0.299759 0.339005 -0.139834 -0.640994 -1.4167
internal_weight=1600 816 784 433 423 383 361 210 223 190 193 213 158 210
internal_count=1600 816 784 433 423 383 361 210 223 190 193 213 158 210
is_linear=0
shrinkage=0.05


Tree=7
num_leaves=15
num_cat=0
split_feature=0 1 1 0 0 0 0 5 5 5 4 5 5 5
split_gain=193112 90360.4 60393.2 15937.7 14219 14102.6 4532.76 4208.83 3751 3594.69 3020.67 2881.3 2725 2560.48
threshold=1.5000000000000002 1.0000000180025095e-35 1.0000000180025095e-35 1.0000000180025095e-35 2.5000000000000004 1.0000000180025095e-35 2.5000000000000004 8.5000000000000018 15.500000000000002 12.500000000000002 1.0000000180025095e-35 8.5000000000000018 10.500000000000002 9.5000000000000018
decision_type=2 2 2 2 2 2 2 2 2 2 2 2 2 2
left_child=1 3 4 12 11 9 13 -6 -5 -3 -7 -2 -1 -4
right_child=2 5 6 8 7 10 -8 -9 -10 -11 -12 -13 -14 -15
leaf_value=-1.5900410252648431 -0.48323365411032804 -0.55113152133938115 0.57092086810279985 -0.93234138239995912 0.097113230922183047 0.10822680217077894 1.2082463640780063 0.59017631920404579 -0.52151324523346765 -0.10719770347340066 0.50504201867689313 -0.036326983153909267 -1.2130093604326249 0.98236711990734771
leaf_weight=74 46 76 55 118 61 89 185 149 105 114 104 167 136 121
leaf_count=74 46 76 55 118 61 89 185 149 105 114 104 167 136 121
internal_value=6.0859e-09 -0.538428 0.560405 -1.03327 0.155 0.0210183 1.03544 0.446953 -0.738902 -0.284771 0.322055 -0.132842 -1.34587 0.85379
internal_weight=1600 816 784 433 423 383 361 210 223 190 193 213 210 176
internal_count=1600 816 784 433 423 383 361 210 223 190 193 213 210 176
is_linear=0
shrinkage=0.05


Tree=8
num_leaves=15
num_cat=0
split_feature=0 1 1 0 0 0 0 5 5 5 5 6 4 5
split_gain=174284 81550.3 54504.9 14383.8 12832.6 12727.6 4090.81 3899.95 3441.15 3256.9 2945.68 2805.8 2752.88 2562.12
threshold=1.5000000000000002 1.0000000180025095e-35 1.0000000180025095e-35 1.0000000180025095e-35 2.5000000000000004 1.0000000180025095e-35 2.5000000000000004 13.500000000000002 7.5000000000000009 9.5000000000000018 8.5000000000000018 3.1480202828625106 1.0000000180025095e-35 18.500000000000004
decision_type=2 2 2 2 2 2 2 2 2 2 2 2 2 2
left_child=1 3 4 13 11 9 -4 -6 -5 -3 -7 -2 -10 -1
right_child=2 5 6 8 7 10 -8 -9 12 -11 -12 -13 -14 -15
leaf_value=-1.4033941011634663 0.3714429500102997 -0.57899705919168765 0.811100634092211 -1.0081823334327111 0.17580057094287543 0.0042237342972504463 1.1478340494310533 0.61120929274397595 -0.78205899028107528 -0.13160595781816783 0.43241158523322909 -0.19237585192585882 -0.36461337929806459 -1.0342100586689695
leaf_weight=139 25 59 176 65 90 57 185 120 80 131 136 188 78 71
leaf_count=139 25 59 176 65 90 57 185 120 80 131 136 188 78 71
internal_value=2.26212e-09 -0.511507 0.532385 -0.98161 0.14725 0.0199674 0.983665 0.424606 -0.701957 -0.270533 0.305952 -0.1262 -0.575978 -1.27857
internal_weight=1600 816 784 433 423 383 361 210 223 190 193 213 158 210
internal_count=1600 816 784 433 423 383 361 210 223 190 193 213 158 210
is_linear=0
shrinkage=0.05


Tree=9
num_leaves=15
num_cat=0
split_feature=0 1 1 0 0 0 0 5 6 5 5 5 5 5
split_gain=157291 73599.1 49190.7 12981.3 11581.4 11486.7 3691.96 3525.96 3217.76 2982.53 2933.86 2730.5 2717.45 2362.18
threshold=1.5000000000000002 1.0000000180025095e-35 1.0000000180025095e-35 1.0000000180025095e-35 2.5000000000000004 1.0000000180025095e-35 2.5000000000000004 12.500000000000002 3.7731832114842345 12.500000000000002 14.500000000000002 17.500000000000004 12.500000000000002 5.5000000000000009
decision_type=2 2 2 2 2 2 2 2 2 2 2 2 2 2
left_child=1 3 4 -1 11 9 13 -6 -5 -3 -10 -2 -7 -4
right_child=2 5 6 8 7 12 -8 -9 10 -11 -12 -13 -14 -15
leaf_value=-1.2146459961221332 -0.28205014923189442 -0.49962881907428569 0.37438357376283216 -0.28911457866430285 0.14482126002326423 0.07003770937890183 1.0904423136324497 0.56572316119721699 -0.96308063652780318 -0.095257519538465299 -0.55707023665308952 0.077742814971134069 0.45020748253778686 0.85524231861377586
leaf_weight=210 117 76 31 45 81 81 185 129 90 114 88 96 112 145
leaf_count=210 117 76 31 45 81 81 185 129 90 114 88 96 112 145
internal_value=-4.19095e-10 -0.485932 0.505765 -0.932529 0.139887 0.018969 0.934482 0.403375 -0.666859 -0.257006 -0.762356 -0.11989 0.290654 0.770546
internal_weight=1600 816 784 433 423 383 361 210 223 190 178 213 193 176
internal_count=1600 816 784 433 423 383 361 210 223 190 178 213 193 176
is_linear=0
shrinkage=0.05


Tree=10
num_leaves=15
num_cat=0
split_feature=0 1 1 0 0 0 0 5 5 4 5 4 4 5
split_gain=141955 66423.2 44394.6 11715.7 10452.2 10366.7 3331.99 3265.73 2924.94 2711.38 2702.04 2525.15 2456.26 2328.76
threshold=1.5000000000000002 1.0000000180025095e-35 1.0000000180025095e-35 1.0000000180025095e-35 2.5000000000000004 1.0000000180025095e-35 2.5000000000000004 5.5000000000000009 7.5000000000000009 1.0000000180025095e-35 10.500000000000002 1.0000000180025095e-35 1.0000000180025095e-35 10.500000000000002
decision_type=2 2 2 2 2 2 2 2 2 2 2 2 2 2
left_child=1 3 4 13 11 10 -4 -6 -5 -7 -3 -2 -10 -1
right_child=2 5 6 8 7 9 -8 -9 12 -11 -12 -13 -14 -15
leaf_value=-1.3796369823249612 -0.28205727433802885 -0.50872199075529356 0.7320183336819438 -0.91584044144703791 0.010906398442128431 0.073536028260930197 1.0359201856561611 0.48763216907930818 -0.71203197971102794 0.44948817328908125 -0.10977286445716071 0.06235108429637666 -0.31771704443276694 -1.031093679620501
leaf_weight=74 109 64 176 65 46 89 185 164 80 104 126 104 78 136
leaf_count=74 109 64 176 65 46 89 185 164 80 104 126 104 78 136
internal_value=-2.78378e-09 -0.461635 0.480477 -0.885903 0.132893 0.0180206 0.887758 0.383207 -0.633516 0.276122 -0.244156 -0.113895 -0.51737 -1.15391
internal_weight=1600 816 784 433 423 383 361 210 223 193 190 213 158 210
internal_count=1600 816 784 433 423 383 361 210 223 193 190 213 158 210
is_linear=0
shrinkage=0.05


Tree=11
num_leaves=15
num_cat=0
split_feature=0 1 1 0 0 0 5 0 6 6 5 5 5 5
split_gain=128115 59947 40066.1 10573.4 9433.15 9355.98 3009.96 3007.12 2883.95 2513.07 2507.57 2488.6 2461.48 2391.16
threshold=1.5000000000000002 1.0000000180025095e-35 1.0000000180025095e-35 1.0000000180025095e-35 2.5000000000000004 1.0000000180025095e-35 13.500000000000002 2.5000000000000004 3.7731832114842345 3.1480202828625106 17.500000000000004 15.500000000000002 12.500000000000002 4.5000000000000009
decision_type=2 2 2 2 2 2 2 2 2 2 2 2 2 2
left_child=1 3 4 -1 9 12 -6 -4 -5 -2 -7 -10 -3 -11
right_child=2 5 7 8 6 10 -8 -9 11 13 -12 -13 -14 -15
leaf_value=-1.096218020887602 0.3627669372558594 -0.45236087095997252 0.69541741176574512 -0.24422610120640861 0.14546635580042172 0.11547890621165201 0.5279810626059771 0.98412422128625821 -0.86699770155705902 -0.61593838975979731 0.48352402163209851 -0.49223436998225839 -0.085006000088495126 -0.099392087178097832
leaf_weight=210 25 76 176 45 90 116 120 185 95 26 77 83 114 162
leaf_count=210 25 76 176 45 90 116 120 185 95 26 77 83 114 162
internal_value=8.77699e-10 -0.438553 0.456453 -0.841608 0.126248 0.0171196 0.364046 0.84337 -0.60184 -0.108201 0.262316 -0.692249 -0.231948 -0.170829
internal_weight=1600 816 784 433 423 383 210 361 223 213 193 178 190 188
internal_count=1600 816 784 433 423 383 210 361 223 213 193 178 190 188
is_linear=0
shrinkage=0.05


Tree=12
num_leaves=15
num_cat=0
split_feature=0 1 1 0 0 0 5 0 6 4 5 5 5 5
split_gain=115623 54102.1 36159.6 9542.48 8513.42 8443.77 2767.98 2713.93 2602.76 2433.86 2343.25 2254.83 2245.99 2232.36
threshold=1.5000000000000002 1.0000000180025095e-35 1.0000000180025095e-35 1.0000000180025095e-35 2.5000000000000004 1.0000000180025095e-35 5.5000000000000009 2.5000000000000004 3.7731832114842345 1.0000000180025095e-35 17.500000000000004 9.5000000000000018 14.500000000000002 14.500000000000002
decision_type=2 2 2 2 2 2 2 2 2 2 2 2 2 2
left_child=1 3 4 -1 10 11 -6 13 -5 -7 -2 -3 -10 -4
right_child=2 5 7 8 6 9 -8 -9 12 -11 -12 -13 -14 -15
leaf_value=-1.0414071152323767 -0.25301214501771158 -0.47701163221213777 0.46332780511318883 -0.23201480246252482 0.0030877600707437682 0.057261974433583489 0.44198279552841024 0.93491796467755295 -0.83326006576418876 0.41345425309398431 0.080291833996307113 -0.10475510330941842 -0.47802065687084738 0.82134942910105913
leaf_weight=210 117 59 79 45 46 89 164 185 90 104 96 131 88 97
leaf_count=210 117 59 79 45 46 89 164 185 90 104 96 131 88 97
internal_value=-3.50133e-09 -0.416626 0.433631 -0.799527 0.119936 0.0162636 0.345844 0.801201 -0.571748 0.2492 -0.102791 -0.220351 -0.657636 0.660647
internal_weight=1600 816 784 433 423 383 210 361 223 193 213 190 178 176
internal_count=1600 816 784 433 423 383 210 361 223 193 213 190 178 176
is_linear=0
shrinkage=0.05


Tree=13
num_leaves=15
num_cat=0
split_feature=0 1 1 0 0 0 5 0 5 5 6 5 4 4
split_gain=104350 48827.2 32634.1 8612.08 7683.36 7620.5 2551.39 2449.32 2352.1 2309.52 2256.35 2191.6 2165.67 2160.52
threshold=1.5000000000000002 1.0000000180025095e-35 1.0000000180025095e-35 1.0000000180025095e-35 2.5000000000000004 1.0000000180025095e-35 13.500000000000002 2.5000000000000004 7.5000000000000009 8.5000000000000018 3.1480202828625106 18.500000000000004 1.0000000180025095e-35 1.0000000180025095e-35
decision_type=2 2 2 2 2 2 2 2 2 2 2 2 2 2
left_child=1 3 4 11 10 12 -6 -4 -5 -7 -2 -1 -3 -10
right_child=2 5 7 8 6 9 -8 -9 13 -11 -12 -13 -14 -15
leaf_value=-1.1047784014571487 0.34861329126358037 -0.3781395151622986 0.62761422420259239 -0.79633413791656504 0.12731010348432595 -0.030427908139270651 0.47948287248301008 0.88817209192224456 -0.6215745664015413 0.34871448917307563 -0.15699477722927771 -0.76333129641035913 -0.040526527727120808 -0.25175911612593782
leaf_weight=139 25 95 176 65 90 57 120 185 80 136 188 71 95 78
leaf_count=139 25 95 176 65 90 57 120 185 80 136 188 71 95 78
internal_value=-5.33619e-10 -0.395794 0.411949 -0.759551 0.113939 0.0154504 0.328552 0.761141 -0.543161 0.23674 -0.0976511 -0.989337 -0.209333 -0.439007
internal_weight=1600 816 784 433 423 383 210 361 223 193 213 210 190 158
internal_count=1600 816 784 433 423 383 210 361 223 193 213 210 190 158
is_linear=0
shrinkage=0.05


Tree=14
num_leaves=15
num_cat=0
split_feature=0 1 1 0 0 0 5 6 4 0 4 5 5 5
split_gain=94176 44066.5 29452.3 7772.41 6934.23 6877.5 2351.5 2332.35 2237.67 2210.51 2187.76 2023.32 2015.14 2009.48
threshold=1.5000000000000002 1.0000000180025095e-35 1.0000000180025095e-35 1.0000000180025095e-35 2.5000000000000004 1.0000000180025095e-35 8.5000000000000018 3.7731832114842345 1.0000000180025095e-35 2.5000000000000004 1.0000000180025095e-35 15.500000000000002 8.5000000000000018 9.5000000000000018
decision_type=2 2 2 2 2 2 2 2 2 2 2 2 2 2
left_child=1 3 4 13 8 12 -6 -5 -2 11 -7 -4 -3 -1
right_child=2 5 9 7 6 10 -8 -9 -10 -11 -12 -13 -14 -15
leaf_value=-1.1734782181680203 -0.25106869365404777 -0.46769010195252947 0.42670363338918177 -0.19440151423215868 0.050630312672526136 0.042927187664455246 0.41917861330529188 -0.59730663280934093 0.073142173105420968 0.84376348443933447 0.380631934478879 0.76576337814331064 -0.10023320485777457 -0.83746629904394276
leaf_weight=64 109 51 88 45 61 89 149 178 104 185 104 88 139 146
leaf_count=64 109 51 88 45 61 89 149 178 104 185 104 88 139 146
internal_value=-1.06514e-09 -0.376005 0.391352 -0.721574 0.108242 0.0146779 0.312124 -0.516003 -0.0927686 0.723084 0.224903 0.596234 -0.198866 -0.93987
internal_weight=1600 816 784 433 423 383 210 223 213 361 193 176 190 210
internal_count=1600 816 784 433 423 383 210 223 213 361 193 176 190 210
is_linear=0
shrinkage=0.05


Tree=15
num_leaves=15
num_cat=0
split_feature=0 1 1 0 0 0 5 5 5 5 5 4 5 2
split_gain=84993.8 39770 26580.7 7014.6 6258.14 6206.95 2176.74 2155.71 2154.54 2120.48 2099.82 1919.32 1887.33 1721.97
threshold=1.5000000000000002 1.0000000180025095e-35 1.0000000180025095e-35 1.0000000180025095e-35 2.5000000000000004 1.0000000180025095e-35 4.5000000000000009 5.5000000000000009 15.500000000000002 17.500000000000004 5.5000000000000009 1.0000000180025095e-35 16.500000000000004 101.50000000000001
decision_type=2 2 2 2 2 2 2 2 2 2 2 2 2 2
left_child=1 3 4 12 6 11 -2 -6 -5 -7 -4 -3 -1 -8
right_child=2 5 10 8 7 9 13 -9 -10 -11 -12 -13 -14 -15
leaf_value=-1.0226885646581649 -0.4907479536944423 -0.34783873444325047 0.41130715315711913 -0.6368075915059801 -0.0059636522980366395 0.078629299144035783 -0.1897491218609845 0.38136028554744839 -0.32544688655506998 0.41707701560158239 0.73968930174120195 -0.030007368271288123 -0.71979359308878577 0.11705707549029312
leaf_weight=120 29 95 58 118 46 116 85 164 105 77 303 95 90 99
leaf_count=120 29 95 58 118 46 116 85 164 105 77 303 95 90 99
internal_value=-2.67864e-09 -0.357204 0.371784 -0.685495 0.10283 0.013944 -0.0881301 0.296518 -0.490203 0.213658 0.68693 -0.188923 -0.892876 -0.024674
internal_weight=1600 816 784 433 423 383 213 210 223 193 361 190 210 184
internal_count=1600 816 784 433 423 383 213 210 223 193 361 190 210 184
is_linear=0
shrinkage=0.05


Tree=16
num_leaves=15
num_cat=0
split_feature=0 1 1 0 0 0 6 4 4 0 5 6 5 5
split_gain=76706.9 35892.5 23989.1 6330.67 5647.97 5601.77 2101.08 2048.65 2027.75 1986.59 1966.81 1810.18 1878 1810.11
threshold=1.5000000000000002 1.0000000180025095e-35 1.0000000180025095e-35 1.0000000180025095e-35 2.5000000000000004 1.0000000180025095e-35 3.7731832114842345 1.0000000180025095e-35 1.0000000180025095e-35 2.5000000000000004 8.5000000000000018 3.6654016056380319 10.500000000000002 12.500000000000002
decision_type=2 2 2 2 2 2 2 2 2 2 2 2 2 2
left_child=1 3 4 11 8 13 -5 -6 -2 -4 -7 -1 -13 -3
right_child=2 5 9 6 7 10 -8 -9 -10 -11 -12 12 -14 -15
leaf_value=-0.48865189671516424 -0.23441575434776621 -0.36848989076128136 0.53232935540462767 -0.16045209941350752 0.11945606209706552 -0.043575074406046618 -0.54286018708365025 0.43202072135493197 0.074213334545493129 0.76698716833784775 0.30630817219395851 -1.130968798360517 -0.79109513001926879 -0.053468231722843235
leaf_weight=30 109 76 176 45 101 57 178 109 104 185 136 62 118 114
leaf_count=30 109 76 176 45 101 57 178 109 104 185 136 62 118 114
internal_value=-1.82234e-10 -0.339344 0.353195 -0.65122 0.0976884 0.0132468 -0.465693 0.281692 -0.0837236 0.652583 0.202975 -0.848233 -0.908163 -0.179477
internal_weight=1600 816 784 433 423 383 223 210 213 361 193 210 180 190
internal_count=1600 816 784 433 423 383 223 210 213 361 193 210 180 190
is_linear=0
shrinkage=0.05


Tree=17
num_leaves=15
num_cat=0
split_feature=0 1 1 0 0 0 5 2 6 4 5 5 2 5
split_gain=69228 32392.9 21650.1 5713.43 5097.3 5055.6 2032.62 2017.81 2004.57 1955.91 1887.12 1882.72 1699 1636.63
threshold=1.5000000000000002 1.0000000180025095e-35 1.0000000180025095e-35 1.0000000180025095e-35 2.5000000000000004 1.0000000180025095e-35 14.500000000000002 99.500000000000014 3.1480202828625106 1.0000000180025095e-35 5.5000000000000009 4.5000000000000009 77.500000000000014 18.500000000000004
decision_type=2 2 2 2 2 2 2 2 2 2 2 2 2 2
left_child=1 3 4 13 8 12 -6 -5 -2 -7 -4 -10 -3 -1
right_child=2 5 10 7 6 9 -8 -9 11 -11 -12 -13 -14 -15
leaf_value=-0.90558114570679438 0.34109227216243743 -0.35770183209631901 0.35866345280203327 -0.58947606969036559 0.098093628045171508 0.020763144508171617 0.41035584635182953 -0.28859369395334927 -0.53043349935458262 0.34007217310942139 0.66997022779762938 -0.07208339298764864 -0.051083143829400171 -0.6105158438145275
leaf_weight=139 25 74 58 114 96 89 114 109 26 104 303 162 116 71
leaf_count=139 25 74 58 114 96 89 114 109 26 104 303 162 116 71
internal_value=-1.82871e-09 -0.322377 0.335535 -0.618659 0.092804 0.0125845 0.267607 -0.442408 -0.0795374 0.192826 0.619954 -0.135472 -0.170503 -0.805821
internal_weight=1600 816 784 433 423 383 210 223 213 193 361 188 190 210
internal_count=1600 816 784 433 423 383 210 223 213 193 361 188 190 210
is_linear=0
shrinkage=0.05


Tree=18
num_leaves=15
num_cat=0
split_feature=0 1 1 0 0 0 5 2 4 5 5 0 5 4
split_gain=62478.3 29234.6 19539.2 5156.37 4600.31 4562.68 1972.9 1966.24 1907.09 1897.12 1810 1785.34 1700.53 1698.01
threshold=1.5000000000000002 1.0000000180025095e-35 1.0000000180025095e-35 1.0000000180025095e-35 2.5000000000000004 1.0000000180025095e-35 7.5000000000000009 94.500000000000014 1.0000000180025095e-35 17.500000000000004 12.500000000000002 2.5000000000000004 15.500000000000002 1.0000000180025095e-35
decision_type=2 2 2 2 2 2 2 2 2 2 2 2 2 2
left_child=1 3 4 -1 9 13 -5 -6 -8 -2 -7 12 -4 -3
right_child=2 5 11 6 7 10 8 -9 -10 -11 -12 -13 -14 -15
leaf_value=-0.76552992708626255 -0.21072734531301718 -0.31145116925239563 0.31953624982217499 -0.65215593301332919 0.092224419626849463 0.0031330469949745841 -0.4964246995374561 0.39871586151253263 -0.14897464601657329 0.089173953142017134 0.31340069492393274 0.69741096219500986 0.63037576669911777 -0.012504634739536988
leaf_weight=210 117 95 88 65 99 81 80 111 78 96 112 185 88 95
leaf_count=210 117 95 88 65 99 81 80 111 78 96 112 185 88 95
internal_value=-1.06033e-09 -0.306258 0.318758 -0.587726 0.0881638 0.0119552 -0.420288 0.254227 -0.324899 -0.0755606 0.183185 0.588956 0.474956 -0.161978
internal_weight=1600 816 784 433 423 383 223 210 158 213 193 361 176 190
internal_count=1600 816 784 433 423 383 223 210 158 213 193 361 176 190
is_linear=0
shrinkage=0.05


Tree=19
num_leaves=15
num_cat=0
split_feature=0 1 1 0 0 0 6 4 6 4 5 5 5 6
split_gain=56386.7 26384.3 17634.2 4653.63 4151.78 4117.82 1864.9 1840.94 1812.5 1762.77 1752.45 1639.57 1626.37 1620.27
threshold=1.5000000000000002 1.0000000180025095e-35 1.0000000180025095e-35 1.0000000180025095e-35 2.5000000000000004 1.0000000180025095e-35 3.7731832114842345 1.0000000180025095e-35 3.9641960757944883 1.0000000180025095e-35 4.5000000000000009 5.5000000000000009 6.5000000000000009 3.6654016056380319
decision_type=2 2 2 2 2 2 2 2 2 2 2 2 2 2
left_child=1 3 4 13 8 12 -5 -6 -2 -7 -10 -4 -3 -1
right_child=2 5 11 6 7 9 -8 -9 10 -11 -12 -13 -14 -15
leaf_value=-0.38705683909356597 0.28162368348529265 -0.46722648213891421 0.31595810942737196 -0.11169919265641107 0.087724158040589043 0.010678641230202793 -0.47197451384298583 0.38401975645000169 -0.52078755927085874 0.31381271533094923 -0.070065762866644343 0.60612889192875463 -0.085585325386208042 -0.78395286444160683
leaf_weight=30 31 34 58 45 101 89 178 109 25 104 157 303 156 180
leaf_count=30 31 34 58 45 101 89 178 109 25 104 157 303 156 180
internal_value=5.36005e-10 -0.290945 0.30282 -0.55834 0.0837556 0.0113575 -0.399273 0.241516 -0.0717825 0.174025 -0.131978 0.559509 -0.153879 -0.727253
internal_weight=1600 816 784 433 423 383 223 210 213 193 182 361 190 210
internal_count=1600 816 784 433 423 383 223 210 213 193 182 361 190 210
is_linear=0
shrinkage=0.05


Tree=20
num_leaves=15
num_cat=0
split_feature=0 1 1 0 0 0 5 5 4 5 0 6 2 4
split_gain=50889 23811.8 15914.8 4199.9 3746.98 3716.33 1824.23 1821.72 1796.41 1670.63 1604.6 1581.88 1540.6 1519.68
threshold=1.5000000000000002 1.0000000180025095e-35 1.0000000180025095e-35 1.0000000180025095e-35 2.5000000000000004 1.0000000180025095e-35 15.500000000000002 16.500000000000004 1.0000000180025095e-35 17.500000000000004 2.5000000000000004 4.0176069849061617 101.50000000000001 1.0000000180025095e-35
decision_type=2 2 2 2 2 2 2 2 2 2 2 2 2 2
left_child=1 3 4 12 8 11 -5 -6 -2 -7 13 -3 -1 -4
right_child=2 5 10 6 7 9 -8 -9 -10 -11 -12 -13 -14 -15
leaf_value=-0.81397956189901943 -0.21002954355347048 0.20829508348747539 0.28465809411900017 -0.51420940924751557 0.084953348000890744 0.045471525726165501 -0.2277078213192345 0.37953757907725078 0.080461774669730896 0.34588153544184452 0.63435145339450327 -0.20490262619665384 -0.54188852647417474 0.57897917427212364
leaf_weight=115 109 27 93 118 107 116 105 103 104 77 185 163 95 83
leaf_count=115 109 27 93 118 107 116 105 103 104 77 185 163 95 83
internal_value=-2.9424e-10 -0.276398 0.287679 -0.530423 0.0795678 0.0107896 -0.37931 0.22944 -0.0681934 0.165324 0.531533 -0.146185 -0.690891 0.423457
internal_weight=1600 816 784 433 423 383 223 210 213 193 361 190 210 176
internal_count=1600 816 784 433 423 383 223 210 213 193 361 190 210 176
is_linear=0
shrinkage=0.05


Tree=21
num_leaves=15
num_cat=0
split_feature=0 1 1 0 6 6 4 0 2 5 2 5 5 4
split_gain=45927.3 21490.1 14363.1 3790.41 3494.97 3435.65 3130.87 3000.34 1811.97 1811.52 1784.1 1502.95 1481.11 1360.54
threshold=1.5000000000000002 1.0000000180025095e-35 1.0000000180025095e-35 1.0000000180025095e-35 3.9641960757944883 2.0854988286856559 1.0000000180025095e-35 1.0000000180025095e-35 101.50000000000001 5.5000000000000009 99.500000000000014 9.5000000000000018 5.5000000000000009 1.0000000180025095e-35
decision_type=2 2 2 2 2 2 2 2 2 2 2 2 2 2
left_child=1 3 4 11 -2 -3 9 13 -8 -6 -5 -1 -4 -7
right_child=2 5 12 10 6 7 8 -9 -10 -11 -12 -13 -14 -15
leaf_value=-0.85837778265122333 0.40687991456587369 0.47518088287777371 0.27347457131435132 -0.49863336480369691 -0.45806634221758169 -0.32122239777295108 -0.0029014629196782394 0.10946427529214781 0.31538532840735889 -0.056460079476917759 -0.21571124755016982 -0.56778443447148352 0.54926664401767866 -0.041520517374224526
leaf_weight=64 67 36 58 114 35 89 87 173 92 142 109 146 303 85
leaf_count=64 67 36 58 114 35 89 87 173 92 142 109 146 303 85
internal_value=7.26915e-10 -0.262578 0.273295 -0.503902 0.0755894 0.0102501 0.0132398 -0.0379848 0.160687 -0.135874 -0.360344 -0.656346 0.504957 -0.184586
internal_weight=1600 816 784 433 423 383 356 347 179 177 223 210 361 174
internal_count=1600 816 784 433 423 383 356 347 179 177 223 210 361 174
is_linear=0
shrinkage=0.05


Tree=22
num_leaves=15
num_cat=0
split_feature=0 1 1 6 0 4 5 2 2 2 2 5 0 2
split_gain=41449.4 19394.9 12962.7 3524.39 3355.21 3162.95 2970.54 2121.36 1869.43 1651.09 1601.08 1597.76 1442.14 1462.91
threshold=1.5000000000000002 1.0000000180025095e-35 1.0000000180025095e-35 3.8601233819853067 2.5000000000000004 1.0000000180025095e-35 18.500000000000004 128.50000000000003 85.500000000000014 94.500000000000014 76.500000000000014 15.500000000000002 2.5000000000000004 118.50000000000001
decision_type=2 2 2 2 2 2 2 2 2 2 2 2 2 2
left_child=1 3 4 -1 11 10 7 -5 -7 -6 -3 -2 13 -4
right_child=2 5 12 6 9 8 -8 -9 -10 -11 -12 -13 -14 -15
leaf_value=-0.17674179713748681 -0.21776750169852846 -0.34409535200822927 0.25871193934764181 -0.75391458752770102 0.065177630377237242 -0.033267996078693726 -0.34883417140902773 -0.42520430472115395 0.2775338196966412 0.34603479188606817 -0.033265846593628738 0.057212131879902609 0.57718306862824675 0.55255252072508909
leaf_weight=79 97 63 105 159 99 83 124 71 116 111 121 116 185 71
leaf_count=79 97 63 105 159 99 83 124 71 116 111 121 116 185 71
internal_value=-1.40346e-09 -0.249449 0.259631 -0.478707 0.0718099 0.00973761 -0.546094 -0.652443 0.147903 0.213631 -0.139691 -0.0680133 0.479709 0.37725
internal_weight=1600 816 784 433 423 383 354 230 199 210 184 213 361 176
internal_count=1600 816 784 433 423 383 354 230 199 210 184 213 361 176
is_linear=0
shrinkage=0.05


Tree=23
num_leaves=15
num_cat=0
split_feature=0 1 1 0 4 6 0 5 4 6 2 4 0 5
split_gain=37408.1 17503.9 11698.9 3360.52 3154.92 3046.25 2671.27 1931.5 1760.23 1460.75 1504.04 1416.23 1353.72 1339.99
threshold=1.5000000000000002 1.0000000180025095e-35 1.0000000180025095e-35 1.0000000180025095e-35 1.0000000180025095e-35 2.0854988286856559 1.0000000180025095e-35 5.5000000000000009 1.0000000180025095e-35 3.6990209006267727 101.50000000000001 1.0000000180025095e-35 2.5000000000000004 5.5000000000000009
decision_type=2 2 2 2 2 2 2 2 2 2 2 2 2 2
left_child=1 3 4 -1 7 -3 -7 -2 -5 -6 -11 13 -9 -4
right_child=2 5 11 8 9 6 -8 12 -10 10 -12 -13 -14 -15
leaf_value=-0.59831092340250813 -0.38682445662143905 0.44704194640119871 0.01512382061034441 -0.46197817493568771 0.52107088469689899 -0.17449727320559216 0.10295979540547454 -0.12724958152417537 -0.1810006353048097 0.0012104133059355345 0.28883792904621747 0.55231824416969277 0.15492990091914619 0.41032542004589212
leaf_weight=210 39 36 25 110 31 174 173 92 113 88 94 185 79 151
leaf_count=210 39 36 25 110 31 174 173 92 113 88 94 185 79 151
internal_value=-4.40296e-10 -0.236977 0.246649 -0.454771 0.0682194 0.00925073 -0.0361685 -0.0693031 -0.319599 0.203805 0.149765 0.455723 0.00311404 0.354189
internal_weight=1600 816 784 433 423 383 347 210 223 213 182 361 171 176
internal_count=1600 816 784 433 423 383 347 210 223 213 182 361 171 176
is_linear=0
shrinkage=0.05


Tree=24
num_leaves=15
num_cat=0
split_feature=0 1 1 6 6 4 5 5 2 4 2 2 0 5
split_gain=33760.8 15797.2 10558.2 3139.7 2986.11 2818.37 2676.48 2661.3 1656.89 1556.81 1528.82 1425.7 1288.36 1413.18
threshold=1.5000000000000002 1.0000000180025095e-35 1.0000000180025095e-35 3.8601233819853067 3.9641960757944883 1.0000000180025095e-35 19.500000000000004 16.500000000000004 85.500000000000014 1.0000000180025095e-35 128.50000000000003 76.500000000000014 2.5000000000000004 16.500000000000004
decision_type=2 2 2 2 2 2 2 2 2 2 2 2 2 2
left_child=1 3 4 -1 -2 11 9 10 -7 -6 -5 -3 13 -4
right_child=2 5 12 7 6 8 -8 -9 -10 -11 -12 -13 -14 -15
leaf_value=-0.1470239799941265 0.37103339193472223 -0.32515068030546584 0.20526915083198172 -0.70767987271864641 -0.23055646449460518 -0.031350681010678588 0.18363808628672096 -0.34029893514850451 0.26124996135356549 0.034268812171437527 -0.40569059466943147 -0.03183899637588785 0.52506818184981474 0.48953235896281255
leaf_weight=79 67 63 95 139 112 83 134 155 116 110 60 121 185 81
leaf_count=79 67 63 95 139 112 83 134 155 116 110 60 121 185 81
internal_value=2.50962e-10 -0.225128 0.234317 -0.432033 0.0648085 0.00878819 0.00717626 -0.495636 0.13921 -0.0993367 -0.616628 -0.132266 0.432937 0.336095
internal_weight=1600 816 784 433 423 383 356 354 199 222 199 184 361 176
internal_count=1600 816 784 433 423 383 356 354 199 222 199 184 361 176
is_linear=0
shrinkage=0.05


Tree=25
num_leaves=15
num_cat=0
split_feature=0 1 1 0 0 5 0 4 2 2 4 4 2 2
split_gain=30469.1 14257 9528.79 2988.84 2849.91 2733.03 1894.2 1578.47 1481.42 1409.88 1290.71 1276.9 1277.74 1180.64
threshold=1.5000000000000002 1.0000000180025095e-35 1.0000000180025095e-35 1.0000000180025095e-35 2.5000000000000004 10.500000000000002 1.0000000180025095e-35 1.0000000180025095e-35 101.50000000000001 94.500000000000014 1.0000000180025095e-35 1.0000000180025095e-35 85.500000000000014 66.500000000000014
decision_type=2 2 2 2 2 2 2 2 2 2 2 2 2 2
left_child=1 3 4 10 8 13 -7 -5 -2 -6 -1 12 -4 -3
right_child=2 5 11 7 9 6 -8 -9 -10 -11 -12 -13 -14 -15
leaf_value=-0.66975838611523308 -0.21149631741735125 -0.40261228282004596 0.14711454178112141 -0.41778068511662164 0.05509253511525164 -0.031600746156514752 0.24311218284964561 -0.15170539291822804 0.053283303950367303 0.31462526547613445 -0.42184232259257914 0.5030106408934335 0.42306464270592853 -0.077231013969234805
leaf_weight=105 97 40 69 110 99 126 125 113 116 111 105 185 107 92
leaf_count=105 97 40 69 110 99 126 125 113 116 111 105 185 107 92
internal_value=-1.89786e-10 -0.213871 0.222601 -0.410431 0.0615681 0.00834878 0.105208 -0.282953 -0.0672971 0.192274 -0.5458 0.41129 0.31488 -0.175831
internal_weight=1600 816 784 433 423 383 251 223 213 210 210 361 176 132
internal_count=1600 816 784 433 423 383 251 223 213 210 210 361 176 132
is_linear=0
shrinkage=0.05


Tree=26
num_leaves=15
num_cat=0
split_feature=0 1 1 2 5 6 5 2 5 6 5 6 5 7
split_gain=27498.4 12866.9 8599.74 2900.54 2714.12 2683.51 2338.9 1890.23 1772.18 1573.16 1551.48 1354.82 1238.43 1144.2
threshold=1.5000000000000002 1.0000000180025095e-35 1.0000000180025095e-35 99.500000000000014 17.500000000000004 1.9828256826276094 6.5000000000000009 102.50000000000001 7.5000000000000009 3.9641960757944883 18.500000000000004 4.2488797884502061 2.5000000000000004 1.5000000000000002
decision_type=2 2 2 2 2 2 2 2 2 2 2 2 2 2
left_child=1 3 4 10 9 -3 -7 13 -5 -2 -1 -6 -4 -8
right_child=2 5 12 8 11 6 7 -9 -10 -11 -12 -13 -14 -15
leaf_value=-0.61432120433392035 0.23435281539629949 0.43895334294348054 0.10809044054576329 -0.49408125220132731 0.50401695390542345 -0.30082778585228054 -0.22480482797852003 0.17099820181958436 -0.16445786946763596 -0.11821828223962001 -0.34423512139741114 0.1389063954936812 0.42107003644977248 0.04689848617387888
leaf_weight=142 38 33 35 56 30 66 77 129 150 189 85 166 326 78
leaf_count=142 38 33 35 56 30 66 77 129 150 189 85 166 326 78
internal_value=-1.88261e-09 -0.203178 0.211471 -0.38991 0.0584896 0.00793134 -0.0327079 0.0296017 -0.254064 -0.0591976 -0.513188 0.194791 0.390726 -0.0880767
internal_weight=1600 816 784 433 423 383 350 284 206 227 227 196 361 155
internal_count=1600 816 784 433 423 383 350 284 206 227 227 196 361 155
is_linear=0
shrinkage=0.05


Tree=27
num_leaves=15
num_cat=0
split_feature=0 1 1 6 4 0 5 2 5 5 0 5 4 0
split_gain=24817.3 11612.4 7761.26 2770.74 2669.62 2482.47 2250.83 1735.41 1574.35 1307.81 1295.53 1246.91 1157.03 1197.52
threshold=1.5000000000000002 1.0000000180025095e-35 1.0000000180025095e-35 3.8601233819853067 1.0000000180025095e-35 1.0000000180025095e-35 19.500000000000004 128.50000000000003 5.5000000000000009 18.500000000000004 2.5000000000000004 6.5000000000000009 1.0000000180025095e-35 2.5000000000000004
decision_type=2 2 2 2 2 2 2 2 2 2 2 2 2 2
left_child=1 3 4 -1 8 11 7 -5 -2 -7 -6 -3 13 -4
right_child=2 5 12 6 10 9 -8 -9 -10 -11 -12 -13 -14 -15
leaf_value=-0.10267498964750316 -0.35760573531047274 -0.39513018446810105 0.15620389447337199 -0.60566449081469442 0.054046661320787219 0.034545136334710437 -0.24483684781340084 -0.31613686706637967 -0.0055588720202968834 0.30445120330952424 0.30073764828640392 -0.060963437968912793 0.45849840507112649 0.41747269481420518
leaf_weight=79 39 34 93 167 104 122 112 75 171 71 109 156 185 83
leaf_count=79 39 34 93 167 104 122 112 75 171 71 109 156 185 83
internal_value=-1.36737e-10 -0.193019 0.200897 -0.370414 0.0555652 0.00753478 -0.430164 -0.515935 -0.070939 0.133837 0.180288 -0.120762 0.371189 0.279416
internal_weight=1600 816 784 433 423 383 354 242 210 193 213 190 361 176
internal_count=1600 816 784 433 423 383 354 242 210 193 213 190 361 176
is_linear=0
shrinkage=0.05


Tree=28
num_leaves=15
num_cat=0
split_feature=0 1 1 0 6 4 2 4 2 0 3 2 5 4
split_gain=22397.6 10480.2 7004.54 2623.65 2451.22 2415.68 2243.5 1403.66 1352.77 1301.72 1294.41 1196.89 1167.25 1150.78
threshold=1.5000000000000002 1.0000000180025095e-35 1.0000000180025095e-35 1.0000000180025095e-35 2.9709613382588516 1.0000000180025095e-35 92.500000000000014 1.0000000180025095e-35 82.500000000000014 2.5000000000000004 1.0000000180025095e-35 109.50000000000001 9.5000000000000018 1.0000000180025095e-35
decision_type=2 2 2 2 2 2 2 2 2 2 2 2 2 2
left_child=1 3 4 13 -2 11 10 -5 -7 -8 -6 -3 -4 -1
right_child=2 5 12 7 6 8 9 -9 -10 -11 -12 -13 -14 -15
leaf_value=-0.59576924003305887 0.38921004675794396 -0.23527603980440359 0.22196722246449571 -0.3595999312976545 -0.27580292431207803 -0.029441641749423226 -0.0054697737026782262 -0.1086897287089213 0.23591229387132798 0.24409906305193615 0.0039480954662642698 0.021966982018202547 0.41449481683118006 -0.36167732116455836
leaf_weight=105 48 104 116 110 78 81 105 113 118 104 88 80 245 105
leaf_count=105 48 104 116 110 78 81 105 113 118 104 88 80 245 105
internal_value=-1.12405e-09 -0.183368 0.190852 -0.351893 0.0527869 0.00715804 0.00972475 -0.232457 0.127904 0.118718 -0.127501 -0.123431 0.35263 -0.478723
internal_weight=1600 816 784 433 423 383 375 223 199 209 166 184 361 210
internal_count=1600 816 784 433 423 383 375 223 199 209 166 184 361 210
is_linear=0
shrinkage=0.05


Tree=29
num_leaves=15
num_cat=0
split_feature=0 1 1 2 4 6 0 5 5 6 5 0 5 5
split_gain=20213.8 9458.38 6321.6 2493.37 2394.42 2366.25 1978.51 1552.39 1386.23 1258.16 1360 1096.12 1068.02 1048.17
threshold=1.5000000000000002 1.0000000180025095e-35 1.0000000180025095e-35 99.500000000000014 1.0000000180025095e-35 2.2465043372243758 1.0000000180025095e-35 7.5000000000000009 5.5000000000000009 1.7543245214848904 17.500000000000004 2.5000000000000004 2.5000000000000004 6.5000000000000009
decision_type=2 2 2 2 2 2 2 2 2 2 2 2 2 2
left_child=1 3 4 9 8 -3 -7 -5 -2 -1 -11 -6 -4 -8
right_child=2 5 12 7 11 6 13 -9 -10 10 -12 -13 -14 -15
leaf_value=-0.06989656120538712 -0.3386533746543603 0.38684800996168245 0.072527687794395862 -0.43298931462424139 0.052146697273621194 -0.15340507250397623 -0.1631225612891071 -0.12448249151681862 -0.0083092630780928333 -0.58898874801397327 -0.32695159485063902 0.27905989343283377 0.36317788099218734 0.14659223132867286
leaf_weight=20 39 37 35 56 104 173 34 150 171 125 82 109 326 139
leaf_count=20 39 37 35 56 104 173 34 150 171 125 82 109 326 139
internal_value=-8.59261e-10 -0.1742 0.18131 -0.334299 0.0501476 0.00680014 -0.0338408 -0.208348 -0.0696589 -0.448597 -0.485187 0.168267 0.334998 0.0857234
internal_weight=1600 816 784 433 423 383 346 206 210 227 207 213 361 173
internal_count=1600 816 784 433 423 383 346 206 210 227 207 213 361 173
is_linear=0
shrinkage=0.05


Tree=30
num_leaves=15
num_cat=0
split_feature=0 1 1 6 5 6 5 5 3 2 6 2 0 2
split_gain=18243 8536.19 5705.24 2379.07 2285.35 2159.17 1970.29 1834.41 1660.34 1490.29 1292.04 1213.1 1063.1 1269.56
threshold=1.5000000000000002 1.0000000180025095e-35 1.0000000180025095e-35 3.5866692385036747 17.500000000000004 3.9641960757944883 11.500000000000002 12.500000000000002 1.0000000180025095e-35 69.500000000000014 3.9641960757944883 103.50000000000001 2.5000000000000004 85.500000000000014
decision_type=2 2 2 2 2 2 2 2 2 2 2 2 2 2
left_child=1 3 4 -1 10 -3 -5 -7 -9 -8 -2 -6 13 -4
right_child=2 5 12 6 11 7 9 8 -10 -11 -12 -13 -14 -15
leaf_value=-0.052944388020206505 0.20568047581534638 0.27401886918242019 0.072617828488039993 -0.51810399473010416 0.039094375270408592 -0.18725693895300824 -0.45265362707874446 -0.090812765771621159 0.20802949258423117 -0.18273602788818294 -0.11383963321956497 0.28851469868705387 0.40193855735095774 0.34466059567297208
leaf_weight=71 38 63 74 138 91 134 79 95 91 145 189 105 185 102
leaf_count=71 38 63 74 138 91 134 79 95 91 145 189 105 185 102
internal_value=-8.11642e-10 -0.16549 0.172244 -0.317584 0.0476402 0.00646013 -0.369488 -0.0462155 0.055395 -0.27793 -0.0603517 0.172712 0.318249 0.230279
internal_weight=1600 816 784 433 423 383 362 320 186 224 227 196 361 176
internal_count=1600 816 784 433 423 383 362 320 186 224 227 196 361 176
is_linear=0
shrinkage=0.05


Tree=31
num_leaves=15
num_cat=0
split_feature=0 1 1 0 0 4 3 2 2 6 2 2 4 2
split_gain=16464.3 7703.91 5148.98 2328.64 2178.99 2107.63 1258.43 1196.69 1174.93 1088.9 1088.67 1079.76 1046.59 1068.13
threshold=1.5000000000000002 1.0000000180025095e-35 1.0000000180025095e-35 1.0000000180025095e-35 2.5000000000000004 1.0000000180025095e-35 1.0000000180025095e-35 82.500000000000014 101.50000000000001 3.0527090176027802 97.500000000000014 109.50000000000001 1.0000000180025095e-35 85.500000000000014
decision_type=2 2 2 2 2 2 2 2 2 2 2 2 2 2
left_child=1 3 4 -1 8 11 -5 -7 -2 -6 -11 -3 13 -4
right_child=2 5 12 6 9 7 -8 -9 -10 10 -12 -13 -14 -15
leaf_value=-0.42119132304475421 -0.19584091979357388 -0.22207353277884137 0.061663430848199391 -0.31972576762632571 0.46926918601989742 -0.029067907284623315 -0.081111431827570205 0.22050818141739248 0.0399630881781722 -0.011038221213324317 0.23197606789204769 0.022258758293464784 0.38537395184305878 0.31396625916186338
leaf_weight=210 97 104 69 101 25 81 122 118 116 87 98 80 185 107
leaf_count=210 97 104 69 101 25 81 122 118 116 87 98 80 185 107
internal_value=-7.90053e-10 -0.157215 0.163632 -0.301705 0.0452582 0.00613712 -0.189183 0.118922 -0.0674218 0.159548 0.117694 -0.115842 0.302336 0.215052
internal_weight=1600 816 784 433 423 383 223 199 213 210 185 184 361 176
internal_count=1600 816 784 433 423 383 223 199 213 210 185 184 361 176
is_linear=0
shrinkage=0.05


Tree=32
num_leaves=15
num_cat=0
split_feature=0 1 1 4 4 0 5 5 5 5 5 5 2 2
split_gain=14859 6952.78 4646.95 2286.09 2131.49 1972.52 1302.38 1259.87 1183.56 1050.01 1047.75 1002.4 998.628 984.462
threshold=1.5000000000000002 1.0000000180025095e-35 1.0000000180025095e-35 1.0000000180025095e-35 1.0000000180025095e-35 1.0000000180025095e-35 7.5000000000000009 17.500000000000004 5.5000000000000009 6.5000000000000009 18.500000000000004 9.5000000000000018 86.500000000000014 117.50000000000001
decision_type=2 2 2 2 2 2 2 2 2 2 2 2 2 2
left_child=1 3 4 7 8 9 -5 13 -2 -3 -7 -4 -8 -1
right_child=2 5 11 6 -6 10 12 -9 -10 -11 -12 -13 -14 -15
leaf_value=-0.61739029186336625 -0.31859587551309515 -0.3603071829851936 0.16613408625768178 -0.36638043110649432 0.15444042713779238 0.029542004188797513 -0.24320677484978331 -0.25829161117167287 -0.013354231804957865 -0.053658062212306484 0.27112633212351461 0.34454949694780673 0.012852772316998906 -0.33172142753005029
leaf_weight=76 39 34 116 62 213 122 66 89 171 156 71 245 90 50
leaf_count=76 39 34 116 62 213 122 66 89 171 156 71 245 90 50
internal_value=-1.20359e-10 -0.149354 0.15545 -0.286619 0.0429953 0.00583027 -0.172525 -0.402306 -0.070042 -0.108532 0.118415 0.287219 -0.0954801 -0.50403
internal_weight=1600 816 784 433 423 383 218 215 210 190 193 361 156 126
internal_count=1600 816 784 433 423 383 218 215 210 190 193 361 156 126
is_linear=0
shrinkage=0.05


Tree=33
num_leaves=15
num_cat=0
split_feature=0 1 0 1 5 0 5 2 2 4 7 3 4 4
split_gain=13464.4 7308.86 4033.06 3176.02 2313.28 2025.14 2114.64 1662.15 1137.6 1132.26 1059.06 1035.39 929.369 878.313
threshold=1.0000000180025095e-35 1.0000000180025095e-35 2.5000000000000004 1.0000000180025095e-35 8.5000000000000018 2.5000000000000004 17.500000000000004 103.50000000000001 85.500000000000014 1.0000000180025095e-35 1.0000000180025095e-35 1.0000000180025095e-35 1.0000000180025095e-35 1.0000000180025095e-35
decision_type=2 2 2 2 2 2 2 2 2 2 2 2 2 2
left_child=3 2 4 12 -2 6 9 -6 -8 -3 -4 -5 -1 -9
right_child=1 5 10 11 7 -7 8 13 -10 -11 -12 -13 -14 -15
leaf_value=-0.49042466961202175 -0.30412782660607873 -0.069441336719762714 -0.041364867305728026 -0.22106058027278236 -0.1594927906850353 0.35200265277277781 0.11589684246493311 -0.04429022477088887 0.39635922048182692 0.16010554438964889 0.21554495908606511 0.012392165641843651 -0.2800543513042586 0.19316620282332103
leaf_weight=105 120 105 54 94 160 185 58 81 96 110 156 96 105 75
leaf_count=105 120 105 54 94 160 185 58 81 96 110 156 96 105 75
internal_value=3.53204e-10 0.083742 -0.0305308 -0.251226 -0.117234 0.216991 0.149303 -0.0462623 0.290731 0.0480013 0.149482 -0.103106 -0.38524 0.0698715
internal_weight=1600 1200 646 400 436 554 369 316 154 215 210 190 210 156
internal_count=1600 1200 646 400 436 554 369 316 154 215 210 190 210 156
is_linear=0
shrinkage=0.05


Tree=34
num_leaves=15
num_cat=0
split_feature=0 1 1 6 3 6 3 5 5 2 4 2 7 4
split_gain=12252.9 5657.06 3791.08 2082.91 2045.75 1907.02 1618.3 1556.37 1349.63 1272.47 1250.87 1061.09 949.59 910.985
threshold=1.5000000000000002 1.0000000180025095e-35 1.0000000180025095e-35 3.5866692385036747 1.0000000180025095e-35 2.0854988286856559 1.0000000180025095e-35 6.5000000000000009 14.500000000000002 102.50000000000001 1.0000000180025095e-35 90.500000000000014 1.5000000000000002 1.0000000180025095e-35
decision_type=2 2 2 2 2 2 2 2 2 2 2 2 2 2
left_child=1 3 4 -1 11 -3 -5 -7 -6 12 -8 -2 -9 -4
right_child=2 5 13 6 8 7 10 9 -10 -11 -12 -13 -14 -15
leaf_value=-0.01182082707560818 -0.20653880974825692 0.35074084392852256 0.17874530402848243 -0.41911876353240296 0.017386240743100644 -0.25007776091947703 -0.32913134732283655 -0.20266854132059964 0.27118611208417204 0.13690245590341374 -0.072191441907650908 0.021349372394615786 0.04567005939972707 0.3376501367515507
leaf_weight=71 85 36 176 172 100 66 100 76 110 127 90 128 78 185
leaf_count=71 85 36 176 172 100 66 100 76 110 127 90 128 78 185
internal_value=6.55564e-10 -0.135626 0.141161 -0.259441 0.0395887 0.00435406 -0.308008 -0.0315823 0.150329 0.0197369 -0.207423 -0.0695919 -0.0768867 0.260179
internal_weight=1600 816 784 433 423 383 362 347 210 281 190 213 154 361
internal_count=1600 816 784 433 423 383 362 347 210 281 190 213 154 361
is_linear=0
shrinkage=0.05


Tree=35
num_leaves=15
num_cat=0
split_feature=0 1 0 1 5 0 5 2 2 4 6 3 2 5
split_gain=11394 5954.64 3428.82 2589.9 2022.09 1702.13 1871.02 1446.92 996.166 983.257 977.058 916.171 912.896 904.612
threshold=1.0000000180025095e-35 1.0000000180025095e-35 2.5000000000000004 1.0000000180025095e-35 8.5000000000000018 2.5000000000000004 17.500000000000004 95.500000000000014 85.500000000000014 1.0000000180025095e-35 3.0527090176027802 1.0000000180025095e-35 119.50000000000001 9.5000000000000018
decision_type=2 2 2 2 2 2 2 2 2 2 2 2 2 2
left_child=3 2 4 13 -2 6 9 -6 -8 -3 -4 -5 -12 -1
right_child=1 5 10 11 7 -7 8 -9 -10 -11 12 -13 -14 -15
leaf_value=-0.50886199895467144 -0.28078944468870759 -0.069478128563080513 0.43325599145889282 -0.20830526990181905 -0.15515032495333725 0.32108462851192504 0.10467857997864485 0.059452223023947551 0.36712861115423345 0.14443220391192221 0.01156667767636544 0.011296323743166189 0.23937058013656901 -0.28341504279715457
leaf_weight=64 120 105 25 94 146 185 58 170 96 110 113 96 72 146
leaf_count=64 120 105 25 94 146 185 58 170 96 110 113 96 72 146
internal_value=1.77828e-10 0.077035 -0.0261094 -0.231105 -0.106055 0.197308 0.135252 -0.0396996 0.268284 0.0399644 0.139872 -0.0973487 0.100225 -0.352123
internal_weight=1600 1200 646 400 436 554 369 316 154 215 210 190 185 210
internal_count=1600 1200 646 400 436 554 369 316 154 215 210 190 185 210
is_linear=0
shrinkage=0.05


Tree=36
num_leaves=15
num_cat=0
split_feature=0 1 0 1 4 5 2 0 5 2 5 5 5 2
split_gain=10283.1 5374.06 3094.51 2337.39 1881.23 1560.59 1297.96 1209.09 1158.52 984.135 968.719 939.049 880.261 872.923
threshold=1.0000000180025095e-35 1.0000000180025095e-35 2.5000000000000004 1.0000000180025095e-35 1.0000000180025095e-35 9.5000000000000018 158.50000000000003 2.5000000000000004 2.5000000000000004 62.500000000000007 13.500000000000002 8.5000000000000018 12.500000000000002 101.50000000000001
decision_type=2 2 2 2 2 2 2 2 2 2 2 2 2 2
left_child=3 2 4 13 8 7 10 9 -2 -3 -6 -4 -5 -1
right_child=1 5 11 12 6 -7 -8 -9 -10 -11 -12 -13 -14 -15
leaf_value=-0.42716991090256234 -0.54826490418477503 -0.25689351987658127 -0.032368259449474149 -0.22429011319028702 -0.1755529745649069 0.24614072789282224 0.35035682618618014 0.24897287921583067 -0.16570571844990789 0.063284711615944456 0.052718346676100862 0.20052969000058485 -0.0046086603085298021 -0.22235722873310904
leaf_weight=115 22 33 61 76 78 372 24 61 197 88 115 149 114 95
leaf_count=115 22 33 61 76 78 372 24 61 197 88 115 149 114 95
internal_value=-1.55858e-10 0.0731833 -0.024804 -0.21955 -0.100752 0.187443 0.00358545 0.0674666 -0.204136 -0.0240366 -0.0395364 0.132878 -0.0924812 -0.334517
internal_weight=1600 1200 646 400 436 554 217 182 219 121 193 210 190 210
internal_count=1600 1200 646 400 436 554 217 182 219 121 193 210 190 210
is_linear=0
shrinkage=0.05


Tree=37
num_leaves=15
num_cat=0
split_feature=0 1 0 1 2 4 0 3 6 5 7 6 2 4
split_gain=9280.51 4850.09 2792.79 2109.49 1742.93 1509.03 1401.46 1223.44 1066.39 997.552 937.524 850.523 847.054 838.363
threshold=1.0000000180025095e-35 1.0000000180025095e-35 2.5000000000000004 1.0000000180025095e-35 99.500000000000014 1.0000000180025095e-35 2.5000000000000004 1.0000000180025095e-35 2.3062604279040824 10.500000000000002 1.0000000180025095e-35 7.5725653283725789 77.500000000000014 1.0000000180025095e-35
decision_type=2 2 2 2 2 2 2 2 2 2 2 2 2 2
left_child=3 2 4 11 7 6 9 -2 -6 -3 -4 -1 -5 -12
right_child=1 5 10 12 8 -7 -8 -9 -10 -11 13 -13 -14 -15
leaf_value=-0.15681300398151754 -0.31670627577006127 -0.15691476574745672 -0.053328606099994097 -0.22003603634751731 0.31574794643869009 0.257090834612478 0.26216221306787196 -0.075238913275739727 -0.036785771487059422 0.094301957060252461 0.075415096520446256 -0.38068930793535088 -0.0035361870136794414 0.30731282128315224
leaf_weight=59 108 58 54 74 24 289 83 102 202 124 80 151 116 76
leaf_count=59 108 58 54 74 24 289 83 102 202 124 80 151 116 76
internal_value=-3.87554e-10 0.0695241 -0.0235638 -0.208572 -0.0957143 0.178071 0.0918938 -0.199422 0.000651437 0.0142439 0.126234 -0.317791 -0.0878572 0.188391
internal_weight=1600 1200 646 400 436 554 265 210 226 182 210 210 190 156
internal_count=1600 1200 646 400 436 554 265 210 226 182 210 210 190 156
is_linear=0
shrinkage=0.05


Tree=38
num_leaves=15
num_cat=0
split_feature=0 1 1 3 6 6 3 5 2 5 5 4 2 2
split_gain=8530.64 3711.45 2552.88 1799.4 1730.26 1672.83 1498.25 1440.89 1192.7 1111.11 999.004 913.233 833.072 704.471
threshold=1.5000000000000002 1.0000000180025095e-35 1.0000000180025095e-35 1.0000000180025095e-35 3.5866692385036747 3.9641960757944883 1.0000000180025095e-35 19.500000000000004 134.50000000000003 14.500000000000002 14.500000000000002 1.0000000180025095e-35 44.500000000000007 109.50000000000001
decision_type=2 2 2 2 2 2 2 2 2 2 2 2 2 2
left_child=1 4 3 11 -1 -3 -7 8 -6 -5 -8 -2 -4 -11
right_child=2 5 12 9 7 6 10 -9 -10 13 -12 -13 -14 -15
leaf_value=0.012232956958608375 -0.1729625689344747 0.23572137001014892 0.041844481242627934 0.01766801067441702 -0.39503266275307891 -0.15433931301275153 -0.05829649238611561 -0.11336727650024188 -0.14866813116789085 0.13661631736303531 0.19175479832504477 0.034120288960359714 0.24868210878495201 0.39175806070367497
leaf_weight=71 105 63 58 100 177 160 83 117 68 62 77 108 303 48
leaf_count=71 105 63 58 100 177 160 83 117 68 62 77 108 303 48
internal_value=7.49775e-10 -0.113165 0.117784 0.0344334 -0.213454 0.00021584 -0.0461493 -0.257719 -0.326654 0.138292 0.0620407 -0.0679628 0.215451 0.247951
internal_weight=1600 816 784 423 433 383 320 362 245 210 160 213 361 110
internal_count=1600 816 784 423 433 383 320 362 245 210 160 213 361 110
is_linear=0
shrinkage=0.05


Tree=39
num_leaves=15
num_cat=0
split_feature=0 1 4 1 7 5 5 4 5 2 2 0 6 2
split_gain=7861.98 3955.15 2467.63 1716.12 1408.07 1356.5 1327.53 1083.37 972.856 971.074 940.976 887.205 827.138 812.588
threshold=1.0000000180025095e-35 1.0000000180025095e-35 1.0000000180025095e-35 1.0000000180025095e-35 1.5000000000000002 5.5000000000000009 12.500000000000002 1.0000000180025095e-35 6.5000000000000009 118.50000000000001 140.50000000000003 2.5000000000000004 2.8713063288063796 82.500000000000014
decision_type=2 2 2 2 2 2 2 2 2 2 2 2 2 2
left_child=3 2 4 -1 8 10 -4 11 -2 -8 -3 13 -6 -7
right_child=1 5 6 -5 12 7 9 -9 -10 -11 -12 -13 -14 -15
leaf_value=-0.29048160372301934 -0.4750953312843077 -0.10071394150735627 -0.052032605059925588 -0.083091855795171699 0.27865834668988276 -0.10153973366000824 0.070658887818544389 0.27167074940862918 -0.16314997317255006 0.29695638846606015 0.27353479281406512 0.26289298723309512 -0.058009773294488302 0.138121330057038
leaf_weight=210 31 71 124 190 21 56 126 237 129 76 22 72 139 96
leaf_count=210 31 71 124 190 21 56 126 237 129 76 22 72 139 96
internal_value=-7.20174e-10 0.0639905 -0.0200715 -0.191971 -0.118706 0.162012 0.0767474 0.197153 -0.223589 0.155801 -0.012182 0.118311 -0.0138221 0.0498251
internal_weight=1600 1200 646 400 320 554 326 461 160 202 93 224 160 152
internal_count=1600 1200 646 400 320 554 326 461 160 202 93 224 160 152
is_linear=0
shrinkage=0.05


Tree=40
num_leaves=15
num_cat=0
split_feature=0 4 6 5 5 2 3 2 0 5 4 2 6 3
split_gain=7183.44 3167.9 2347.8 2066.28 1900.01 1623.2 1532.11 1311.56 1049.29 871.153 776.536 748.753 722.5 715.86
threshold=1.5000000000000002 1.0000000180025095e-35 4.6609726626784802 5.5000000000000009 6.5000000000000009 115.50000000000001 1.0000000180025095e-35 85.500000000000014 2.5000000000000004 6.5000000000000009 1.0000000180025095e-35 96.500000000000014 1.9828256826276094 1.0000000180025095e-35
decision_type=2 2 2 2 2 2 2 2 2 2 2 2 2 2
left_child=1 5 -2 10 -3 9 8 -6 -5 -1 -4 -8 -9 -14
right_child=2 4 3 6 7 -7 11 12 -10 -11 -12 -13 13 -15
leaf_value=-0.4816103078748869 0.28380048619035414 -0.21091675536500085 -0.26094901610298882 -0.066818046596987798 -0.069411815438473967 -0.079353937098554761 0.107893220943344 0.38996891280015311 0.12952844362503799 -0.23983161991690191 0.0023636737272941643 0.28244795092036873 -0.0073614530489746356 0.20030197759708726
leaf_weight=46 153 90 56 144 137 157 119 24 129 196 56 127 83 83
leaf_count=46 153 90 56 144 137 157 119 24 129 196 56 127 83 83
internal_value=-1.57976e-10 -0.103846 0.108085 0.0654782 -0.00747868 -0.204561 0.10751 0.0485135 0.0259611 -0.28579 -0.129293 0.198009 0.133544 0.0964703
internal_weight=1600 816 784 631 417 399 519 327 273 242 112 246 190 166
internal_count=1600 816 784 631 417 399 519 327 273 242 112 246 190 166
is_linear=0
shrinkage=0.05


Tree=41
num_leaves=15
num_cat=0
split_feature=0 1 3 1 5 2 2 0 5 2 5 3 4 5
split_gain=6656.33 3526.13 2246.27 1532.46 1419.14 1227.72 1183.91 1142.3 983.574 982.258 746.717 739.205 687.898 679.376
threshold=1.0000000180025095e-35 1.0000000180025095e-35 1.0000000180025095e-35 1.0000000180025095e-35 12.500000000000002 90.500000000000014 119.50000000000001 2.5000000000000004 10.500000000000002 109.50000000000001 9.5000000000000018 1.0000000180025095e-35 1.0000000180025095e-35 19.500000000000004
decision_type=2 2 2 2 2 2 2 2 2 2 2 2 2 2
left_child=3 2 5 10 -4 -2 7 8 -3 -6 -1 -5 -10 -7
right_child=1 6 4 11 9 13 -8 -9 12 -11 -12 -13 -14 -15
leaf_value=-0.41213428867049517 -0.22801686567969309 -0.11341105586955254 -0.051629217011894261 -0.17341691492462252 0.063000839432717948 -0.11151807688954241 0.24356387170667057 0.22420546665754437 -0.0062721126525300654 0.29197010457050054 -0.20730537086061829 0.023838791755648951 0.20871551012644521 0.087870990819208433
leaf_weight=64 138 79 139 94 113 103 214 112 72 80 146 96 77 73
leaf_count=64 138 79 139 94 113 103 214 112 72 80 146 96 77 73
internal_value=-2.85854e-11 0.0588799 -0.0204921 -0.17664 0.0701815 -0.116363 0.151433 0.0934442 0.0292107 0.15791 -0.269729 -0.0737509 0.104829 -0.0288169
internal_weight=1600 1200 646 400 332 314 554 340 228 193 210 190 149 176
internal_count=1600 1200 646 400 332 314 554 340 228 193 210 190 149 176
is_linear=0
shrinkage=0.05


Tree=42
num_leaves=15
num_cat=0
split_feature=0 4 2 6 3 5 5 2 5 1 5 1 1 1
split_gain=6088.67 3949.34 2276.06 2016.05 2274.67 1362.86 1234.14 1050.23 1046.04 766.95 657.73 649.795 567.781 530.966
threshold=2.5000000000000004 1.0000000180025095e-35 102.50000000000001 3.6654016056380319 1.0000000180025095e-35 10.500000000000002 13.500000000000002 80.500000000000014 14.500000000000002 1.0000000180025095e-35 5.5000000000000009 1.0000000180025095e-35 1.0000000180025095e-35 1.0000000180025095e-35
decision_type=2 2 2 2 2 2 2 2 2 2 2 2 2 2
left_child=1 2 6 -3 7 -4 11 -5 -6 -7 -2 -1 -8 -9
right_child=10 3 5 4 8 9 12 13 -10 -11 -12 -13 -14 -15
leaf_value=-0.48468245692172296 0.034852329121060566 0.23244914959342974 -0.18890271337219963 -0.23281710347828441 -0.0089500219536864239 -0.059253390502221517 -0.23825090760817225 -0.11572180585935712 0.1980672813529292 0.14391885719500308 0.20107991590586882 -0.25377299746069765 -0.061318228288013255 0.074688470213795488
leaf_weight=59 73 106 108 106 115 101 103 78 130 86 322 63 81 69
leaf_count=59 73 106 108 106 115 101 103 78 130 86 322 63 81 69
internal_value=-4.05416e-11 -0.0558439 -0.146588 0.0344498 -0.00769461 -0.0474884 -0.242126 -0.112851 0.100896 0.0341841 0.170359 -0.365442 -0.160362 -0.0263456
internal_weight=1600 1205 601 604 498 295 306 253 245 187 395 122 184 147
internal_count=1600 1205 601 604 498 295 306 253 245 187 395 122 184 147
is_linear=0
shrinkage=0.05


Tree=43
num_leaves=15
num_cat=0
split_feature=0 1 6 4 5 3 6 0 4 2 5 2 2 7
split_gain=5735.13 3039.54 2001.97 1704.05 1353.32 1147.15 1085.62 1186.39 1074.61 1018.98 1009.89 720.192 659.903 615.333
threshold=1.0000000180025095e-35 1.0000000180025095e-35 2.3062604279040824 1.0000000180025095e-35 6.5000000000000009 1.0000000180025095e-35 3.9641960757944883 2.5000000000000004 1.0000000180025095e-35 90.500000000000014 12.500000000000002 108.50000000000001 127.50000000000001 1.5000000000000002
decision_type=2 2 2 2 2 2 2 2 2 2 2 2 2 2
left_child=4 2 -2 9 12 6 -3 -8 11 -4 -5 -6 -1 -11
right_child=1 5 3 10 8 -7 7 -9 -10 13 -12 -13 -14 -15
leaf_value=-0.46212047673001583 0.25603981018997729 0.26265073355104102 -0.24177543222601339 -0.080838367600332611 -0.29525369499454795 0.21877685182014717 -0.051949543128212095 0.18486501450968695 -0.026921858860654121 -0.14678164974026295 0.11125744890398476 -0.077075617207634839 -0.16735533120170717 0.042374408394166764
leaf_weight=49 60 61 123 110 97 254 160 79 161 87 181 62 31 85
leaf_count=49 60 61 123 110 97 254 160 79 161 87 181 62 31 85
internal_value=-4.88104e-10 0.0546539 -0.0190384 -0.0472034 -0.163962 0.140584 0.0743803 0.0263281 -0.117977 -0.131887 0.0386439 -0.210178 -0.347899 -0.0533034
internal_weight=1600 1200 646 586 400 554 300 239 320 295 291 159 80 172
internal_count=1600 1200 646 586 400 554 300 239 320 295 291 159 80 172
is_linear=0
shrinkage=0.05


Tree=44
num_leaves=15
num_cat=0
split_feature=0 6 1 6 5 3 2 3 5 0 5 7 4 3
split_gain=5314.49 2529.53 2278.25 1875.08 1597.24 1202.09 1117.4 993.554 766.746 707.93 681.742 667.933 637.632 600.753
threshold=1.5000000000000002 1.8773041284213978 1.0000000180025095e-35 4.6609726626784802 5.5000000000000009 1.0000000180025095e-35 84.500000000000014 1.0000000180025095e-35 7.5000000000000009 2.5000000000000004 12.500000000000002 1.5000000000000002 1.0000000180025095e-35 1.0000000180025095e-35
decision_type=2 2 2 2 2 2 2 2 2 2 2 2 2 2
left_child=1 -1 6 -2 12 9 -3 -4 -8 -6 -9 -7 -5 -10
right_child=3 2 7 4 5 11 8 10 13 -11 -12 -13 -14 -15
leaf_value=0.19806482070258688 0.2499996543807142 -0.29807495504166143 -0.10549297555869455 -0.2356546655829464 -0.05659642286934994 0.092901818268001091 -0.27118294637537366 -0.051720813440309987 -0.16816526830573628 0.10467986482116141 0.14977974348615128 0.2578159832348258 0.0029484372386442766 0.023904277268974556
leaf_weight=70 153 165 181 56 144 128 66 74 79 129 97 118 56 84
leaf_count=70 153 165 181 56 144 128 66 74 79 129 97 118 56 84
internal_value=-2.43657e-10 -0.089321 -0.116287 0.0929668 0.0548906 0.091845 -0.198877 -0.0238436 -0.127402 0.0196111 0.0625807 0.172007 -0.116353 -0.0691846
internal_weight=1600 816 746 784 631 519 394 352 229 273 171 246 112 163
internal_count=1600 816 746 784 631 519 394 352 229 273 171 246 112 163
is_linear=0
shrinkage=0.05


Tree=45
num_leaves=15
num_cat=0
split_feature=0 4 2 2 5 2 5 0 5 5 1 1 4 4
split_gain=4871.24 2734.45 1567.74 1363.21 1189.4 1179.94 1073.07 851.847 840.234 769.186 662.735 570.998 567.701 545.874
threshold=1.0000000180025095e-35 1.0000000180025095e-35 93.500000000000014 118.50000000000001 16.500000000000004 140.50000000000003 7.5000000000000009 2.5000000000000004 2.5000000000000004 15.500000000000002 1.0000000180025095e-35 1.0000000180025095e-35 1.0000000180025095e-35 1.0000000180025095e-35
decision_type=2 2 2 2 2 2 2 2 2 2 2 2 2 2
left_child=4 2 8 6 5 12 -3 9 -2 -4 -8 -11 -1 -6
right_child=1 3 7 -5 13 -7 10 -9 -10 11 -12 -13 -14 -15
leaf_value=-0.39418912354856728 -0.38896576303702135 -0.074881925531080931 -0.093699073315155312 0.21929893019267405 -0.143835270773159 -0.040005219951272014 0.043329560821688422 0.16623479995212639 -0.089157275416892334 -0.016100282987514349 0.19687803291848727 0.21795784949014585 -0.20582422999781558 0.030320115653276039
leaf_weight=80 26 100 122 233 89 60 149 101 231 57 133 48 80 91
leaf_count=80 26 100 122 233 89 60 149 101 231 57 133 48 80 91
internal_value=-5.60678e-10 0.0503697 -0.0270184 0.123983 -0.151109 -0.229097 0.0658447 0.045435 -0.119488 -0.00831289 0.115748 0.0908977 -0.300007 -0.05579
internal_weight=1600 1200 585 615 400 220 382 328 257 227 282 105 160 180
internal_count=1600 1200 585 615 400 220 382 328 257 227 282 105 160 180
is_linear=0
shrinkage=0.05


Tree=46
num_leaves=15
num_cat=0
split_feature=0 2 5 3 1 4 5 3 6 6 1 7 7 1
split_gain=4486.77 3182.83 2039.3 1496.46 1202.57 1012.34 979.756 804.908 695.5 635.32 611.97 592.698 539.714 612.576
threshold=2.5000000000000004 85.500000000000014 18.500000000000004 1.0000000180025095e-35 1.0000000180025095e-35 1.0000000180025095e-35 3.5000000000000004 1.0000000180025095e-35 4.9697881137192832 3.9641960757944883 1.0000000180025095e-35 1.5000000000000002 1.0000000180025095e-35 1.0000000180025095e-35
decision_type=2 2 2 2 2 2 2 2 2 2 2 2 2 2
left_child=1 3 4 6 11 -5 -1 9 -6 -4 -8 -3 13 -2
right_child=12 2 7 5 8 -7 10 -9 -10 -11 -12 -13 -14 -15
leaf_value=-0.48464208335587478 -0.06835363445700042 -0.19443930077056093 0.23155265469968855 -0.15902323013216985 0.23838699830544963 0.043426933739664816 -0.27158950705243196 0.21686791145150963 -0.0020145545777234234 -0.012760767427919149 -0.10378806418648841 -0.033516658340940385 0.18049814319554844 0.17851448122491229
leaf_weight=33 54 132 35 123 37 124 115 130 161 111 103 101 294 47
leaf_count=33 54 132 35 123 37 124 115 130 161 111 103 101 294 47
internal_value=-4.01942e-11 -0.0479382 0.0202624 -0.144761 -0.0476919 -0.0573883 -0.230742 0.126379 0.042909 0.0458075 -0.192307 -0.124683 0.146242 0.0465256
internal_weight=1600 1205 707 498 431 247 251 276 198 146 218 233 395 101
internal_count=1600 1205 707 498 431 247 251 276 198 146 218 233 395 101
is_linear=0
shrinkage=0.05


Tree=47
num_leaves=15
num_cat=0
split_feature=0 4 1 2 6 1 7 5 5 5 5 1 6 2
split_gain=4215.41 2402.53 1361.86 1168.56 1117.09 1075.21 1038.34 912.655 631.269 591.224 570.488 568.126 563.392 541.786
threshold=1.0000000180025095e-35 1.0000000180025095e-35 1.0000000180025095e-35 118.50000000000001 1.4343517796355318 1.0000000180025095e-35 1.5000000000000002 7.5000000000000009 10.500000000000002 5.5000000000000009 7.5000000000000009 1.0000000180025095e-35 2.8713063288063796 68.500000000000014
decision_type=2 2 2 2 2 2 2 2 2 2 2 2 2 2
left_child=4 2 6 7 -1 10 9 -3 -4 -2 -6 -9 -8 -7
right_child=1 3 8 -5 5 13 12 11 -10 -11 -12 -13 -14 -15
leaf_value=0.19015964965025586 -0.40337158716641941 -0.067752795461565249 -0.049460792720524803 0.20410665244177834 -0.39674619766681096 -0.18883254588509982 0.23634700101046335 0.0410016988247833 0.11349134375154973 -0.14283602659854649 -0.19546794052453093 0.18316835622632302 -0.041508104507442863 -0.0082339163966800855
leaf_weight=24 26 100 90 233 46 65 21 149 175 134 150 133 139 115
leaf_count=24 26 100 90 233 46 65 21 149 175 134 150 133 139 115
internal_value=2.31375e-12 0.0468564 -0.0256829 0.115857 -0.140569 -0.16168 -0.0951063 0.0620298 0.0581491 -0.185173 -0.242707 0.108052 -0.00503962 -0.0734501
internal_weight=1600 1200 585 615 400 376 320 382 265 160 196 282 160 180
internal_count=1600 1200 585 615 400 376 320 382 265 160 196 282 160 180
is_linear=0
shrinkage=0.05


Tree=48
num_leaves=15
num_cat=0
split_feature=0 7 2 6 2 6 5 5 1 6 3 5 1 2
split_gain=3942.02 2221.39 1679.79 1553.22 1324.83 1177.49 943.292 926.971 880.988 721.537 702.407 514.08 494.176 467.236
threshold=1.5000000000000002 1.5000000000000002 136.50000000000003 4.6609726626784802 85.500000000000014 1.8773041284213978 6.5000000000000009 9.5000000000000018 1.0000000180025095e-35 4.4375988319123989 1.0000000180025095e-35 7.5000000000000009 1.0000000180025095e-35 85.500000000000014
decision_type=2 2 2 2 2 2 2 2 2 2 2 2 2 2
left_child=1 2 6 -2 7 -3 -1 -5 13 -8 12 -10 -6 -7
right_child=3 5 -4 4 10 8 9 -9 11 -11 -12 -13 -14 -15
leaf_value=-0.3880875966539889 0.22298891645752722 0.2765964701369002 -0.0016516353435269218 -0.18684104460521372 -0.02518507286258366 -0.18771433795396336 -0.0034460168502920747 0.020112050924409222 -0.081973147549562989 -0.21960419775037976 0.18075908683897821 0.11510949696302415 0.13274974448756241 -0.028030825394566534
leaf_weight=66 153 37 123 77 115 78 49 182 45 182 170 125 87 111
leaf_count=66 153 37 123 77 115 78 49 182 45 182 170 125 87 111
internal_value=-1.50409e-10 -0.0769276 -0.157033 0.0800675 0.045413 0.00803239 -0.221382 -0.0414145 -0.0196469 -0.173752 0.105866 0.0629406 0.0428364 -0.093932
internal_weight=1600 816 420 784 631 396 297 259 359 231 372 170 202 189
internal_count=1600 816 420 784 631 396 297 259 359 231 372 170 202 189
is_linear=0
shrinkage=0.05


Tree=49
num_leaves=15
num_cat=0
split_feature=0 5 2 7 3 3 6 1 4 3 1 7 4 4
split_gain=3638.42 2688.49 1832.35 1504.94 1137.98 947.675 729.678 673.56 673.499 496.276 568.497 473.004 469.61 455.189
threshold=2.5000000000000004 18.500000000000004 141.50000000000003 1.5000000000000002 1.0000000180025095e-35 1.0000000180025095e-35 4.0176069849061617 1.0000000180025095e-35 1.0000000180025095e-35 1.0000000180025095e-35 1.0000000180025095e-35 1.5000000000000002 1.0000000180025095e-35 1.0000000180025095e-35
decision_type=2 2 2 2 2 2 2 2 2 2 2 2 2 2
left_child=1 2 3 8 6 -5 -3 -6 -1 10 -2 -8 -7 -4
right_child=9 4 13 5 7 12 11 -9 -10 -11 -12 -13 -14 -15
leaf_value=-0.3098270804424138 -0.0071731696329494516 0.14293796084821225 -0.042283244192037946 -0.16129663163540131 0.05166115048221024 -0.06711999011938187 -0.14171929241651124 0.22734531414270115 -0.15388831626956487 0.18816440680197308 0.16186583980309721 0.016492092468020435 0.11737084574997425 0.10971956840392366
leaf_weight=137 101 52 106 131 116 68 102 103 140 196 98 88 70 92
leaf_count=137 101 52 106 131 116 68 102 103 140 196 98 88 70 92
internal_value=1.43127e-10 -0.043169 -0.101958 -0.14921 0.0517093 -0.0649742 -0.0230219 0.134289 -0.231013 0.131693 0.0760722 -0.0684424 0.0264623 0.0283443
internal_weight=1600 1205 744 546 461 269 242 219 277 395 199 190 138 198
internal_count=1600 1205 744 546 461 269 242 219 277 395 199 190 138 198
is_linear=0
shrinkage=0.05


Tree=50
num_leaves=15
num_cat=0
split_feature=0 3 1 5 4 2 6 5 0 2 7 7 7 1
split_gain=3418.17 2060.92 1442.4 1199.58 957.694 814.647 749.106 748.359 739.19 627.756 598.161 573.387 560.782 527.44
threshold=1.0000000180025095e-35 1.0000000180025095e-35 1.0000000180025095e-35 12.500000000000002 1.0000000180025095e-35 150.50000000000003 3.9641960757944883 8.5000000000000018 2.5000000000000004 130.50000000000003 1.5000000000000002 1.5000000000000002 2.5000000000000004 1.0000000180025095e-35
decision_type=2 2 2 2 2 2 2 2 2 2 2 2 2 2
left_child=4 2 7 12 9 10 -4 -2 -8 -1 -5 -9 13 -3
right_child=1 3 6 5 -6 -7 8 11 -10 -11 -12 -13 -14 -15
leaf_value=-0.26124886831546085 -0.22985919365022758 -0.089138049320145352 0.21297499706632778 0.058683386594581777 -0.049214100243523719 0.32366195042781976 -0.045120904395589606 -0.13243674356817156 0.14180666191291205 -0.067006025097127692 0.20485887017802917 0.023835845604877583 0.16972718867016776 0.080863068507442001
leaf_weight=141 79 108 61 142 200 68 160 114 79 59 138 121 51 79
leaf_count=141 79 108 61 142 200 68 160 114 79 59 138 121 51 79
internal_value=1.11177e-11 0.0421936 -0.0218203 0.109266 -0.126581 0.168427 0.0565829 -0.0967278 0.0166669 -0.203947 0.130727 -0.051973 0.022762 -0.0173194
internal_weight=1600 1200 614 586 400 348 300 314 239 200 280 235 238 187
internal_count=1600 1200 614 586 400 348 300 314 239 200 280 235 238 187
is_linear=0
shrinkage=0.05


Tree=51
num_leaves=15
num_cat=0
split_feature=0 7 2 6 2 6 5 5 1 6 1 4 5 7
split_gain=3125.5 1808.54 1350.47 1309.66 1155.22 1030.79 798.066 788.563 762.985 610.179 551.888 458.609 412.916 410.247
threshold=1.5000000000000002 1.5000000000000002 136.50000000000003 4.6609726626784802 85.500000000000014 1.8773041284213978 6.5000000000000009 9.5000000000000018 1.0000000180025095e-35 4.4375988319123989 1.0000000180025095e-35 1.0000000180025095e-35 7.5000000000000009 1.5000000000000002
decision_type=2 2 2 2 2 2 2 2 2 2 2 2 2 2
left_child=1 2 6 -2 7 -3 -1 -5 -7 -8 11 -6 -10 -9
right_child=3 5 -4 4 10 8 9 13 12 -11 -12 -13 -14 -15
leaf_value=-0.35181221383990668 0.20253289176114633 0.25943882847959931 -0.0014579467657135756 -0.17573696826282259 -0.030174299211145561 -0.086868243574820189 0.0019483777865463377 -0.05134009051629726 -0.07075426171223323 -0.19683072151677622 0.16488420854499736 0.11799978642980112 0.1058756484977901 0.099905625758692621
leaf_weight=66 153 37 123 77 107 189 49 102 45 182 163 102 125 80
leaf_count=66 153 37 123 77 107 189 49 102 45 182 163 102 125 80
internal_value=-3.51574e-10 -0.0684988 -0.140778 0.0712946 0.039473 0.00816074 -0.198476 -0.0416061 -0.017737 -0.154665 0.0959233 0.0421403 0.0591207 0.0151415
internal_weight=1600 816 420 784 631 396 297 259 359 231 372 209 170 182
internal_count=1600 816 420 784 631 396 297 259 359 231 372 209 170 182
is_linear=0
shrinkage=0.05


Tree=52
num_leaves=15
num_cat=0
split_feature=0 4 2 2 5 3 5 7 5 7 7 1 1 4
split_gain=2899.87 2354.89 1386.68 1346.8 1279.11 1057.87 835.11 603.195 546.029 489.154 432.734 424.18 412.499 404.184
threshold=2.5000000000000004 1.0000000180025095e-35 155.50000000000003 115.50000000000001 4.5000000000000009 1.0000000180025095e-35 13.500000000000002 2.5000000000000004 7.5000000000000009 1.5000000000000002 1.0000000180025095e-35 1.0000000180025095e-35 1.0000000180025095e-35 1.0000000180025095e-35
decision_type=2 2 2 2 2 2 2 2 2 2 2 2 2 2
left_child=1 3 4 6 -3 7 -1 -6 -5 -10 11 -2 -7 -12
right_child=10 2 -4 8 5 12 -8 -9 9 -11 13 -13 -14 -15
leaf_value=-0.26279605244324633 -0.067314246669411659 -0.19081686541438103 0.21586672654696581 -0.15170860704097711 -0.088361669681707902 0.045301418233176939 -0.10679216596265458 0.10880942247062922 -0.046772835257083728 0.11635002007707954 0.088409025711007422 0.13811400982927768 0.182717550228923 0.20568431251744432
leaf_weight=146 54 75 87 59 173 115 208 50 108 80 144 47 104 150
leaf_count=146 54 75 87 59 173 115 208 50 108 80 144 47 104 150
internal_value=1.28712e-11 -0.0385394 0.0311843 -0.108611 0.000106239 0.0325027 -0.171133 -0.0441529 -0.0190052 0.0226411 0.117569 0.0282811 0.110558 0.148243
internal_weight=1600 1205 604 601 517 442 354 223 247 188 395 101 219 294
internal_count=1600 1205 604 601 517 442 354 223 247 188 395 101 219 294
is_linear=0
shrinkage=0.05


Tree=53
num_leaves=15
num_cat=0
split_feature=0 3 1 5 1 6 2 5 0 7 6 4 6 4
split_gain=2782.45 1811.64 1212.05 983.113 883.087 630.802 623.749 621.296 578.582 514.003 510.738 498.267 461.774 424.074
threshold=1.0000000180025095e-35 1.0000000180025095e-35 1.0000000180025095e-35 14.500000000000002 1.0000000180025095e-35 3.9641960757944883 150.50000000000003 15.500000000000002 2.5000000000000004 1.5000000000000002 4.0176069849061617 1.0000000180025095e-35 7.5725653283725789 1.0000000180025095e-35
decision_type=2 2 2 2 2 2 2 2 2 2 2 2 2 2
left_child=4 2 7 11 12 -4 9 -2 -7 -5 -6 -3 -1 -9
right_child=1 3 5 6 10 8 -8 13 -10 -11 -12 -13 -14 -15
leaf_value=-0.066256009424263143 -0.16368901126259408 -0.033926209997680548 0.19343335411099138 0.05768754467969453 0.16532025734583539 -0.041372647765674633 0.30744987707585097 -0.10506859759800136 0.12400538002058298 0.20231307532732226 -0.069464654244476814 0.0994760015272661 -0.2312165167700771 0.056255936963730546
leaf_weight=59 151 139 61 127 27 160 60 80 79 119 163 141 151 83
leaf_count=59 151 139 61 127 27 160 60 80 79 119 163 141 151 83
internal_value=-1.58718e-10 0.0380682 -0.0219496 0.100954 -0.114205 0.0499208 0.162904 -0.0906156 0.0132921 0.127649 -0.0361005 0.0332513 -0.18487 -0.0229217
internal_weight=1600 1200 614 586 400 300 306 314 239 246 190 280 210 163
internal_count=1600 1200 614 586 400 300 306 314 239 246 190 280 210 163
is_linear=0
shrinkage=0.05


Tree=54
num_leaves=15
num_cat=0
split_feature=0 6 2 5 5 1 7 4 4 0 5 3 2 0
split_gain=2511.16 1711.19 1550.16 846.396 828.525 808.598 685.565 623.052 621.558 602.643 396.62 381.997 371.591 349.673
threshold=1.0000000180025095e-35 3.0527090176027802 85.500000000000014 2.5000000000000004 6.5000000000000009 1.0000000180025095e-35 2.5000000000000004 1.0000000180025095e-35 1.0000000180025095e-35 2.5000000000000004 3.5000000000000004 1.0000000180025095e-35 127.50000000000001 2.5000000000000004
decision_type=2 2 2 2 2 2 2 2 2 2 2 2 2 2
left_child=4 -2 3 -3 12 9 7 -6 -5 10 -4 -7 -1 -10
right_child=1 2 5 8 6 11 -8 -9 13 -11 -12 -13 -14 -15
leaf_value=-0.33812679284233221 0.18838958231361178 -0.27195076717085448 -0.20980285139561727 -0.1053524477009693 -0.19343850005324148 0.069883134403568234 0.069699652472149529 -0.03623347677839503 -0.024964223985307399 0.1043507474350982 -0.011620576367355312 0.18563492925423716 -0.11693523348339144 0.11533961016684771
leaf_weight=49 160 43 29 178 119 151 67 134 128 113 195 135 31 68
leaf_count=49 160 43 29 178 119 151 67 134 128 113 195 135 31 68
internal_value=-2.07288e-10 0.0361648 0.0127456 -0.061868 -0.108494 0.0626877 -0.0725143 -0.110176 -0.0377141 0.0102117 -0.0372781 0.124521 -0.252415 0.0237126
internal_weight=1600 1200 1040 417 400 623 320 253 374 337 224 286 80 196
internal_count=1600 1200 1040 417 400 623 320 253 374 337 224 286 80 196
is_linear=0
shrinkage=0.05


Tree=55
num_leaves=15
num_cat=0
split_feature=7 0 6 5 2 2 6 3 5 1 0 5 0 2
split_gain=2426.61 1425.8 1206.32 1096.81 1078.96 828.715 706.629 639.135 626.637 577.786 518.112 471.846 446.915 395.811
threshold=1.5000000000000002 1.5000000000000002 1.8773041284213978 8.5000000000000018 136.50000000000003 127.50000000000001 4.7599833881152511 1.0000000180025095e-35 19.500000000000004 1.0000000180025095e-35 2.5000000000000004 5.5000000000000009 2.5000000000000004 96.500000000000014
decision_type=2 2 2 2 2 2 2 2 2 2 2 2 2 2
left_child=1 4 -2 10 7 9 -3 11 13 12 -4 -1 -5 -8
right_child=2 6 3 5 -6 -7 8 -9 -10 -11 -12 -13 -14 -15
leaf_value=-0.42768570979436238 0.2652482711557132 0.14264795697079255 -0.098340258130412195 -0.064461958052457455 -0.00023870668033274209 0.17619758173823358 -0.15127500675865735 -0.10421794098092625 0.066357546797471828 0.10935810144497199 0.074397029740115014 -0.20522322981650462 0.11822223211215302 -0.0088021699891224058
leaf_weight=30 67 78 157 140 123 164 98 151 116 159 60 116 44 97
leaf_count=30 67 78 157 140 123 164 98 151 116 159 60 116 44 97
internal_value=2.72848e-12 -0.0608869 0.0622724 0.0434887 -0.124768 0.0837504 0.00808549 -0.176341 -0.0256633 0.0395482 -0.0505788 -0.250935 -0.0207766 -0.0804039
internal_weight=1600 809 791 724 420 507 389 297 311 343 217 146 184 195
internal_count=1600 809 791 724 420 507 389 297 311 343 217 146 184 195
is_linear=0
shrinkage=0.05


Tree=56
num_leaves=15
num_cat=0
split_feature=4 2 3 0 2 5 0 6 5 5 1 3 6 7
split_gain=2345.54 1320.91 1179.08 781.232 765.734 750.117 598.333 566.38 577.348 532.631 487.154 480.367 469.788 346.536
threshold=1.0000000180025095e-35 85.500000000000014 1.0000000180025095e-35 1.5000000000000002 164.50000000000003 19.500000000000004 2.5000000000000004 1.8773041284213978 1.5000000000000002 14.500000000000002 1.0000000180025095e-35 1.0000000180025095e-35 3.6654016056380319 2.5000000000000004
decision_type=2 2 2 2 2 2 2 2 2 2 2 2 2 2
left_child=1 7 4 11 5 6 12 -1 -9 -4 -10 -3 -2 -7
right_child=2 3 9 -5 -6 13 -8 8 10 -11 -12 -13 -14 -15
leaf_value=0.074224486448136826 0.062821188587362742 -0.14540659064860564 0.060452695106597322 0.055746433916462237 0.18851977679102372 0.025918045297265054 0.055050028564911035 -0.40749204605817796 -0.20389963060591396 0.17625472512400639 -0.068480492287105135 -0.0015126620367137266 -0.16076260888311145 0.21495905155315997
leaf_weight=28 28 116 190 236 48 100 63 22 143 208 124 116 146 32
leaf_count=28 28 116 190 236 48 100 63 22 143 208 124 116 146 32
internal_value=1.52213e-11 -0.0616844 0.0594138 -0.00830443 0.000660066 -0.023777 -0.0769797 -0.140491 -0.161294 0.120972 -0.141008 -0.0734596 -0.124784 0.0717462
internal_weight=1600 785 815 468 417 369 237 317 289 398 267 232 174 132
internal_count=1600 785 815 468 417 369 237 317 289 398 267 232 174 132
is_linear=0
shrinkage=0.05


Tree=57
num_leaves=15
num_cat=0
split_feature=7 1 6 0 4 5 2 0 5 2 3 2 5 2
split_gain=2159.56 1315.86 1047.73 944.118 801.799 680.313 658.463 759.793 501.692 484.288 425.105 410.431 387.1 504.524
threshold=1.5000000000000002 1.0000000180025095e-35 1.8773041284213978 1.0000000180025095e-35 1.0000000180025095e-35 10.500000000000002 136.50000000000003 2.5000000000000004 3.5000000000000004 154.50000000000003 1.0000000180025095e-35 132.50000000000003 7.5000000000000009 68.500000000000014
decision_type=2 2 2 2 2 2 2 2 2 2 2 2 2 2
left_child=1 4 -2 12 -1 -5 7 8 -3 10 -6 -7 -4 -14
right_child=2 6 3 5 9 11 -8 -9 -10 -11 -12 -13 13 -15
leaf_value=-0.18593925348933385 0.2479098100437602 -0.29989454357520395 -0.18679889900816812 -0.0018341995261084193 -0.15635089954709289 0.079629471915633979 0.11466375595180814 0.11438469133937537 -0.051584118553331462 0.1484066413508521 -0.0080377250710882038 0.19735846299500692 -0.14235489894540942 0.061867983460049084
leaf_weight=213 67 23 45 195 91 251 109 67 176 27 103 105 49 79
leaf_count=213 67 23 45 195 91 251 109 67 176 27 103 105 49 79
internal_value=-1.54188e-10 -0.057439 0.0587461 0.0412406 -0.116714 0.0732341 0.011162 -0.0312504 -0.0802833 -0.0499947 -0.0776073 0.114353 -0.0606576 -0.0163111
internal_weight=1600 809 791 724 434 551 375 266 199 221 194 356 173 128
internal_count=1600 809 791 724 434 551 375 266 199 221 194 356 173 128
is_linear=0
shrinkage=0.05


Tree=58
num_leaves=15
num_cat=0
split_feature=3 6 0 5 5 2 0 7 4 7 2 7 2 1
split_gain=2103.41 1331.65 1274.22 1076.92 878.927 671.587 576.913 437.119 449.171 416.886 412.654 380.137 354.747 328.122
threshold=1.0000000180025095e-35 3.8601233819853067 2.5000000000000004 14.500000000000002 10.500000000000002 91.500000000000014 2.5000000000000004 2.5000000000000004 1.0000000180025095e-35 1.0000000180025095e-35 136.50000000000003 1.5000000000000002 134.50000000000003 1.0000000180025095e-35
decision_type=2 2 2 2 2 2 2 2 2 2 2 2 2 2
left_child=1 -1 4 6 10 11 9 8 -6 -2 -3 -5 -11 -4
right_child=3 2 13 5 7 -7 -8 -9 -10 12 -12 -13 -14 -15
leaf_value=0.082875408139243781 -0.14281358578375408 -0.2697150398432514 -0.033185276081568973 -0.017067484062128855 -0.17991575104815347 0.17823844046133983 0.10658033906372005 0.022048240361942185 -0.048793654297680962 -0.04218372425029078 -0.093166108073099801 0.12237908332258143 0.099773626967111881 0.10749958482570948
leaf_weight=142 70 118 86 103 124 207 93 81 138 158 46 93 61 80
leaf_count=142 70 118 86 103 124 207 93 81 138 158 46 93 61 80
internal_value=-1.3761e-10 -0.0562636 -0.0856213 0.0584138 -0.124989 0.115431 -0.00173774 -0.079467 -0.110851 -0.0365944 -0.220195 0.0490985 -0.00264309 0.0346147
internal_weight=1600 815 673 785 507 403 382 343 262 289 164 196 219 166
internal_count=1600 815 673 785 507 403 382 343 262 289 164 196 219 166
is_linear=0
shrinkage=0.05


Tree=59
num_leaves=15
num_cat=0
split_feature=4 2 3 5 2 5 7 5 0 5 6 0 1 6
split_gain=1974.38 1117.99 944.143 680.352 635.489 629.407 559.681 477.017 471.24 414.466 411.01 428.188 383.733 356.358
threshold=1.0000000180025095e-35 85.500000000000014 1.0000000180025095e-35 7.5000000000000009 164.50000000000003 19.500000000000004 1.5000000000000002 1.5000000000000002 2.5000000000000004 14.500000000000002 3.5866692385036747 1.0000000180025095e-35 1.0000000180025095e-35 3.6654016056380319
decision_type=2 2 2 2 2 2 2 2 2 2 2 2 2 2
left_child=1 7 4 -3 5 8 12 -1 13 -4 -9 -12 -5 -2
right_child=2 3 9 6 -6 -7 -8 10 -10 -11 11 -13 -14 -15
leaf_value=-0.34838447888260304 0.051908544224819969 -0.11559996178189108 0.056209933363685488 -0.10195083322041497 0.17307392020399373 0.067173497615890074 0.091423515931496196 0.030891709792059525 0.048110086775370063 0.15836212744291586 -0.24142175794712137 -0.095796828354240623 0.041891555775972929 -0.14282114364028181
leaf_weight=23 28 111 190 98 48 132 171 43 63 208 70 181 88 146
leaf_count=23 28 111 190 98 48 132 171 43 63 208 70 181 88 146
internal_value=-2.04062e-10 -0.0565938 0.0545106 -0.00748483 0.0019351 -0.0203269 0.0261308 -0.129095 -0.0690612 0.109596 -0.11194 -0.136409 -0.0338964 -0.111485
internal_weight=1600 785 815 468 417 369 357 317 237 398 294 251 186 174
internal_count=1600 785 815 468 417 369 357 317 237 398 294 251 186 174
is_linear=0
shrinkage=0.05


Tree=60
num_leaves=15
num_cat=0
split_feature=1 0 2 6 3 0 5 3 7 7 7 5 4 2
split_gain=1898.36 1382.69 820.936 759.958 798.061 603.533 536.976 487.703 452.487 452.312 407.063 358.56 340.189 312.407
threshold=1.0000000180025095e-35 2.5000000000000004 99.500000000000014 3.9641960757944883 1.0000000180025095e-35 2.5000000000000004 4.5000000000000009 1.0000000180025095e-35 1.5000000000000002 1.0000000180025095e-35 2.5000000000000004 16.500000000000004 1.0000000180025095e-35 115.50000000000001
decision_type=2 2 2 2 2 2 2 2 2 2 2 2 2 2
left_child=1 2 7 -2 5 10 -4 -1 -8 -3 11 -5 -11 -6
right_child=3 9 6 4 13 -7 8 -9 -10 12 -12 -13 -14 -15
leaf_value=-0.20576933130575054 0.17087069097161295 -0.064041455241817022 -0.16990912329209479 -0.16053611637698006 0.051716955281286087 0.10076469902090635 -0.063604214216541985 -0.08287597158753382 0.066913441778888236 0.031887857041838288 0.05962626941369048 -0.021153238280252978 0.17960825379643786 0.15557912103528901
leaf_weight=159 125 54 57 97 176 79 138 164 128 80 56 88 76 123
leaf_count=159 125 54 57 97 176 79 138 164 128 80 56 88 76 123
internal_value=-2.18812e-10 -0.0507748 -0.0870066 0.0584183 0.0357099 -0.0191688 -0.0306417 -0.143371 -0.000798726 0.060681 -0.0584831 -0.0942351 0.103854 0.0944429
internal_weight=1600 856 646 744 619 320 323 323 266 210 241 185 156 299
internal_count=1600 856 646 744 619 320 323 323 266 210 241 185 156 299
is_linear=0
shrinkage=0.05


Tree=61
num_leaves=15
num_cat=0
split_feature=0 3 1 1 6 7 5 2 6 6 5 6 0 3
split_gain=1776.28 1186.14 842.884 639.202 628.138 544.387 423.682 422.831 356.72 343.524 334.303 325.471 313.412 312.176
threshold=1.0000000180025095e-35 1.0000000180025095e-35 1.0000000180025095e-35 1.0000000180025095e-35 1.8773041284213978 1.0000000180025095e-35 15.500000000000002 147.50000000000003 3.9641960757944883 4.1642384759889302 4.5000000000000009 7.5725653283725789 2.5000000000000004 1.0000000180025095e-35
decision_type=2 2 2 2 2 2 2 2 2 2 2 2 2 2
left_child=3 2 6 11 -3 -6 -2 10 -4 -5 -7 -1 -10 -13
right_child=1 4 8 9 5 7 -8 -9 12 -11 -12 13 -14 -15
leaf_value=-0.05178804963322009 -0.13575284108272848 0.26525647713867734 0.14970790723063906 0.13361208970871241 -0.020731940059297124 -0.041969314858055953 -0.019508276734089742 0.18845307971549005 -0.02599114904063754 -0.053332687513642479 0.091828198419060814 -0.26459233483223071 0.095726464330395569 -0.12072917599326526
leaf_weight=59 151 43 61 29 134 57 163 94 160 161 258 73 79 78
leaf_count=59 151 43 61 29 134 57 163 94 160 161 258 73 79 78
internal_value=1.03919e-10 0.0304162 -0.0181475 -0.0912486 0.0813003 0.0667328 -0.0754093 0.0953888 0.0417866 -0.024799 0.0676172 -0.15137 0.0142419 -0.190279
internal_weight=1600 1200 614 400 586 543 314 409 300 190 315 210 239 151
internal_count=1600 1200 614 400 586 543 314 409 300 190 315 210 239 151
is_linear=0
shrinkage=0.05


Tree=62
num_leaves=15
num_cat=0
split_feature=4 2 7 2 5 5 3 7 1 3 0 6 0 6
split_gain=1727.95 989.497 808.469 802.534 792.993 708.619 481.53 440.051 402.497 363.17 297.987 290.758 271.392 241.235
threshold=1.0000000180025095e-35 134.50000000000003 2.5000000000000004 154.50000000000003 13.500000000000002 6.5000000000000009 1.0000000180025095e-35 1.5000000000000002 1.0000000180025095e-35 1.0000000180025095e-35 1.0000000180025095e-35 4.5378127988812649 2.5000000000000004 4.1642384759889302
decision_type=2 2 2 2 2 2 2 2 2 2 2 2 2 2
left_child=1 4 3 5 7 -2 10 -1 11 -3 -7 -6 -10 -8
right_child=2 9 -4 -5 8 6 13 -9 12 -11 -12 -13 -14 -15
leaf_value=-0.22729479506229744 -0.11931689889626761 -0.024024067884005729 0.14009344149572947 0.15690922517525524 0.035571048829035883 -0.11785743033453343 0.18668005830326748 -0.090738692948547736 -0.0083692461028005236 0.10249606278847974 0.012331506698731556 -0.11810738700856648 0.16631220536572594 0.053958175353805676
leaf_weight=117 102 122 194 95 39 62 43 119 108 106 151 146 28 168
leaf_count=117 102 122 194 95 39 62 43 119 108 106 151 146 28 168
internal_value=-2.4098e-10 -0.0529443 0.0509955 0.0231613 -0.0888599 -0.000994698 0.0274696 -0.158438 -0.0377057 0.0347967 -0.0255639 -0.0857103 0.0275946 0.0810058
internal_weight=1600 785 815 621 557 526 424 236 321 228 213 185 136 211
internal_count=1600 785 815 621 557 526 424 236 321 228 213 185 136 211
is_linear=0
shrinkage=0.05


Tree=63
num_leaves=15
num_cat=0
split_feature=7 5 6 0 4 5 2 2 2 5 2 6 5 2
split_gain=1616.91 983.619 788.517 671.544 662.022 462.772 458.932 443.012 319.708 303.724 289.06 289.054 283.198 360.165
threshold=1.5000000000000002 18.500000000000004 1.8773041284213978 1.0000000180025095e-35 1.0000000180025095e-35 10.500000000000002 164.50000000000003 91.500000000000014 115.50000000000001 6.5000000000000009 132.50000000000003 3.8601233819853067 7.5000000000000009 68.500000000000014
decision_type=2 2 2 2 2 2 2 2 2 2 2 2 2 2
left_child=1 4 -2 12 8 -5 9 -3 11 -6 -7 -1 -4 -14
right_child=2 7 3 5 6 10 -8 -9 -10 -11 -12 -13 13 -15
leaf_value=-0.031683550508958956 0.21493618659285915 -0.044844716175326281 -0.15818570036027169 0.00071497405544878592 -0.14394446625933052 0.067401303616593564 0.156522356139289 0.073523340240796237 -0.083870444895797661 -0.021246732169060742 0.16620138932551656 -0.23288921558556439 -0.11885785112271503 0.053691731927079406
leaf_weight=21 67 147 45 195 75 251 27 171 95 154 105 119 49 79
leaf_count=21 67 147 45 195 75 251 27 171 95 154 105 119 49 79
internal_value=-3.46437e-10 -0.0497012 0.0508322 0.0356458 -0.0940705 0.0626285 -0.0384443 0.018806 -0.154668 -0.0614316 0.0965418 -0.202708 -0.0502933 -0.0123624
internal_weight=1600 809 791 724 491 551 256 318 235 229 356 140 173 128
internal_count=1600 809 791 724 491 551 256 318 235 229 356 140 173 128
is_linear=0
shrinkage=0.05


Tree=64
num_leaves=15
num_cat=0
split_feature=1 0 2 3 5 7 5 6 7 0 7 4 4 5
split_gain=1527.27 1160.15 645.107 628.727 569.003 488.975 491.07 372.937 364.591 327.651 321.82 321.144 296.89 250.334
threshold=1.0000000180025095e-35 2.5000000000000004 69.500000000000014 1.0000000180025095e-35 7.5000000000000009 2.5000000000000004 3.5000000000000004 3.0527090176027802 1.5000000000000002 2.5000000000000004 1.0000000180025095e-35 1.0000000180025095e-35 1.0000000180025095e-35 16.500000000000004
decision_type=2 2 2 2 2 2 2 2 2 2 2 2 2 2
left_child=1 2 -1 5 -4 6 -2 -3 -6 11 -9 -8 -12 -5
right_child=3 7 4 13 8 -7 9 10 -10 -11 12 -13 -14 -15
leaf_value=-0.15334507948718967 -0.19569182606000041 0.23780726961791518 -0.14222029718380852 0.06346552172675729 -0.061193887256295154 0.10721541102830089 -0.095850360145811567 -0.076304501891136176 0.043692467462631966 0.097611028059018834 0.00073911233672073907 0.032159903022281902 0.14913736813343489 0.14859510890178143
leaf_weight=200 36 25 113 195 178 96 97 50 155 66 70 99 65 155
leaf_count=200 36 25 113 195 178 96 97 50 155 66 70 99 65 155
internal_value=8.62638e-11 -0.0455426 -0.0787308 0.0523985 -0.0452715 0.00907728 -0.0225377 0.0565506 -0.0123729 0.00125448 0.0320564 -0.0311921 0.0721901 0.101166
internal_weight=1600 856 646 744 446 394 298 210 333 262 185 196 135 350
internal_count=1600 856 646 744 446 394 298 210 333 262 185 196 135 350
is_linear=0
shrinkage=0.05


Tree=65
num_leaves=15
num_cat=0
split_feature=3 1 5 7 5 2 2 6 0 2 6 0 2 0
split_gain=1459.44 939.406 724.566 608.198 543.288 472.607 461.371 445.759 395.24 386.821 377.645 367.358 298.272 285.783
threshold=1.0000000180025095e-35 1.0000000180025095e-35 16.500000000000004 2.5000000000000004 2.5000000000000004 60.500000000000007 130.50000000000003 1.7543245214848904 2.5000000000000004 121.50000000000001 3.9641960757944883 1.0000000180025095e-35 127.50000000000001 1.5000000000000002
decision_type=2 2 2 2 2 2 2 2 2 2 2 2 2 2
left_child=1 4 3 8 -1 -3 11 -4 12 -9 -7 -6 -2 -12
right_child=2 5 7 -5 6 10 -8 9 -10 -11 13 -13 -14 -15
leaf_value=-0.27171627777378732 -0.092729727059669267 -0.083421491305298606 0.28661321843663851 0.11681496118738627 -0.22426973383257828 0.15788518621453218 -0.00050232394984582585 0.046452431426009286 0.073101647145664084 0.16362305096927143 -0.042449096758079174 -0.084546713636567197 0.020548980353378703 0.06783666313936966
leaf_weight=41 175 103 30 96 62 56 123 214 78 105 116 195 87 119
leaf_count=41 175 103 30 96 62 56 123 214 78 105 116 195 87 119
internal_value=-2.13375e-10 -0.0468661 0.0486571 0.00567941 -0.0987969 0.00862341 -0.0801398 0.102349 -0.0257 0.0850196 0.0412029 -0.118254 -0.0551143 0.0133977
internal_weight=1600 815 785 436 421 394 380 349 340 319 291 257 262 235
internal_count=1600 815 785 436 421 394 380 349 340 319 291 257 262 235
is_linear=0
shrinkage=0.05


Tree=66
num_leaves=15
num_cat=0
split_feature=4 5 2 5 2 3 0 6 3 7 7 0 2 1
split_gain=1438.9 817.145 742.425 669.572 496.636 519.551 474.58 380.301 378.834 307.09 306.962 297.081 282.748 250.064
threshold=1.0000000180025095e-35 2.5000000000000004 108.50000000000001 19.500000000000004 164.50000000000003 1.0000000180025095e-35 1.0000000180025095e-35 2.8713063288063796 1.0000000180025095e-35 1.0000000180025095e-35 2.5000000000000004 2.5000000000000004 118.50000000000001 1.0000000180025095e-35
decision_type=2 2 2 2 2 2 2 2 2 2 2 2 2 2
left_child=1 -1 6 4 5 11 -3 -4 -9 -8 -7 -2 -5 -11
right_child=3 2 7 12 -6 10 9 8 -10 13 -12 -13 -14 -15
leaf_value=-0.21008611751694076 -0.089964401655584239 -0.16738778564527079 0.20404234703768187 0.068621744717905581 0.14962989036309518 0.017600124690939519 -0.13060389417713802 -0.047125998870562152 0.066843264605453687 -0.061245680340573573 0.15476782690241653 0.03675320822568167 0.17030452495558307 0.048520757679311237
leaf_weight=71 174 108 27 178 59 177 76 151 141 119 53 63 111 92
leaf_count=71 174 108 27 178 59 177 76 151 141 119 53 63 111 92
internal_value=-4.21278e-11 -0.0483136 -0.032227 0.0465352 0.0129424 -0.00432642 -0.0780458 0.0245079 0.0079071 -0.0444259 0.0492083 -0.05628 0.107676 -0.0133854
internal_weight=1600 785 714 815 526 467 395 319 292 287 230 237 289 211
internal_count=1600 785 714 815 526 467 395 319 292 287 230 237 289 211
is_linear=0
shrinkage=0.05


Tree=67
num_leaves=15
num_cat=0
split_feature=6 0 1 3 2 3 2 5 6 7 5 1 2 1
split_gain=1324.57 1181.91 709.681 563.234 394.704 394.147 379.832 342.1 260.562 239.942 233.398 231.452 226.95 222.057
threshold=3.8601233819853067 1.5000000000000002 1.0000000180025095e-35 1.0000000180025095e-35 95.500000000000014 1.0000000180025095e-35 132.50000000000003 10.500000000000002 1.0676209573130191 1.0000000180025095e-35 5.5000000000000009 1.0000000180025095e-35 62.500000000000007 1.0000000180025095e-35
decision_type=2 2 2 2 2 2 2 2 2 2 2 2 2 2
left_child=8 2 5 6 9 10 7 -3 -1 -4 -2 12 -5 -9
right_child=1 3 4 11 -6 -7 -8 13 -10 -11 -12 -13 -14 -15
leaf_value=0.17940911731211009 -0.30884880423545841 -0.1415739349718835 -0.19505928712897003 -0.053757731325696327 0.037072639973402703 -0.065466211614529465 0.060336733725639663 -0.061902428925117506 0.0702926965080517 -0.039965978542557068 -0.14590343862315344 0.12397393703715301 0.073057313970038826 0.056980433840962019
leaf_weight=77 26 74 32 49 177 186 109 93 189 113 142 139 126 68
leaf_count=77 26 74 32 49 177 186 109 93 189 113 142 139 126 68
internal_value=1.72076e-12 -0.0203147 -0.0667474 0.0273882 -0.0130317 -0.115608 -0.0168082 -0.0525903 0.101879 -0.0741935 -0.171121 0.0758072 0.0375491 -0.011691
internal_weight=1600 1334 676 658 322 354 344 235 266 145 168 314 175 161
internal_count=1600 1334 676 658 322 354 344 235 266 145 168 314 175 161
is_linear=0
shrinkage=0.05


Tree=68
num_leaves=15
num_cat=0
split_feature=7 0 6 2 1 0 6 5 5 2 6 2 5 4
split_gain=1291.04 768.44 599.796 519.636 510.836 474.248 388.302 349.617 347.825 281.687 275.473 213.21 209.489 197.915
threshold=1.5000000000000002 1.5000000000000002 1.8773041284213978 135.50000000000003 1.0000000180025095e-35 2.5000000000000004 4.7599833881152511 5.5000000000000009 19.500000000000004 93.500000000000014 4.4375988319123989 65.500000000000014 12.500000000000002 1.0000000180025095e-35
decision_type=2 2 2 2 2 2 2 2 2 2 2 2 2 2
left_child=1 3 -2 7 5 9 -3 -1 11 -4 -9 -8 -6 -5
right_child=2 6 4 13 12 -7 8 10 -10 -11 -12 -13 -14 -15
leaf_value=-0.2410545165836811 0.188546909224381 0.10597363618465189 -0.094655017690697257 -0.076134388687258414 0.032639677854099623 0.085669276272269473 -0.13615223323746073 0.0031336870342493061 0.049763977068380039 0.0054438001701450044 -0.128696873804057 -0.023880765298591521 0.11168341584791626 0.051014983732982182
leaf_weight=55 67 78 130 55 150 101 62 50 116 153 191 133 190 69
leaf_count=55 67 78 130 55 150 101 62 50 116 153 191 133 190 69
internal_value=-6.45596e-11 -0.0444114 0.045422 -0.091309 0.032177 -0.00734285 0.00622361 -0.127305 -0.0187941 -0.040538 -0.101346 -0.0595773 0.0768112 -0.00538192
internal_weight=1600 809 791 420 724 384 389 296 311 283 241 195 340 124
internal_count=1600 809 791 420 724 384 389 296 311 283 241 195 340 124
is_linear=0
shrinkage=0.05


Tree=69
num_leaves=15
num_cat=0
split_feature=4 5 2 7 2 5 0 3 7 0 6 3 1 6
split_gain=1256.83 701.473 620.777 569.246 534.256 463.836 391.401 324.721 253.974 249.464 208.904 199.694 198.391 195.337
threshold=1.0000000180025095e-35 2.5000000000000004 108.50000000000001 2.5000000000000004 154.50000000000003 18.500000000000004 1.0000000180025095e-35 1.0000000180025095e-35 1.0000000180025095e-35 1.0000000180025095e-35 3.9641960757944883 1.0000000180025095e-35 1.0000000180025095e-35 4.4375988319123989
decision_type=2 2 2 2 2 2 2 2 2 2 2 2 2 2
left_child=1 -1 6 4 5 9 13 10 -8 -2 -4 -7 -10 -3
right_child=3 2 7 -5 -6 11 8 -9 12 -11 -12 -13 -14 -15
leaf_value=-0.19503951994046359 -0.11014185253231007 -0.012230671532452107 0.11268596937474998 0.11825445832579023 0.12926213439750045 0.0090414986190087403 -0.11998587560987002 0.073846922531820736 -0.056015344384368983 -0.010563205773372919 -0.049748095803120188 0.10609572143330298 0.041754408676744154 -0.18533899685875938
leaf_weight=71 87 20 23 194 95 106 76 154 119 227 142 106 92 88
leaf_count=71 87 20 23 194 95 106 76 154 119 227 142 106 92 88
internal_value=-6.91884e-11 -0.0451537 -0.030249 0.0434916 0.0201357 0.000426533 -0.0721463 0.02163 -0.0416144 -0.0381535 -0.0271058 0.0575686 -0.0133859 -0.153282
internal_weight=1600 785 714 815 621 526 395 319 287 314 165 212 211 108
internal_count=1600 785 714 815 621 526 395 319 287 314 165 212 211 108
is_linear=0
shrinkage=0.05


Tree=70
num_leaves=15
num_cat=0
split_feature=4 0 5 5 7 3 2 2 1 0 6 7 0 6
split_gain=1134.29 663.368 576.737 526.298 495.216 388.351 362.763 322.128 268.361 252.579 228.402 226.139 219.165 209.704
threshold=1.0000000180025095e-35 2.5000000000000004 2.5000000000000004 19.500000000000004 2.5000000000000004 1.0000000180025095e-35 106.50000000000001 153.50000000000003 1.0000000180025095e-35 2.5000000000000004 1.2802491206102624 2.5000000000000004 1.5000000000000002 4.1642384759889302
decision_type=2 2 2 2 2 2 2 2 2 2 2 2 2 2
left_child=1 2 -1 5 6 7 13 9 -6 -2 -5 -7 -12 -4
right_child=3 -3 4 10 8 11 -8 -9 -10 -11 12 -13 -14 -15
leaf_value=-0.22582587445119642 -0.088633268887049851 0.040173383524297217 -0.0097267183328845676 0.25431556426698254 -0.028285795458822118 0.030042304070905235 -0.029288195492729444 0.084672232862561939 0.1195281918810786 0.030838979121114385 0.038201406284200927 0.14176241161964706 0.12863505144246429 -0.1428569856455735
leaf_weight=53 161 184 35 21 73 195 196 50 53 61 135 59 133 191
leaf_count=53 161 184 35 21 73 195 196 50 53 61 135 59 133 191
internal_value=-1.21789e-10 -0.042896 -0.0683282 0.041317 -0.0530958 0.0115343 -0.0790678 -0.0299822 0.0338899 -0.0558053 0.0955235 0.055993 0.0830808 -0.122239
internal_weight=1600 785 601 815 548 526 422 272 126 222 289 254 268 226
internal_count=1600 785 601 815 548 526 422 272 126 222 289 254 268 226
is_linear=0
shrinkage=0.05


Tree=71
num_leaves=15
num_cat=0
split_feature=3 1 5 7 5 7 2 6 1 4 2 6 0 2
split_gain=1095.95 711.395 541.608 412.622 404.163 358.58 356.55 328.166 318.408 295.721 273.762 265.496 225.302 208.755
threshold=1.0000000180025095e-35 1.0000000180025095e-35 16.500000000000004 2.5000000000000004 2.5000000000000004 1.0000000180025095e-35 60.500000000000007 1.7543245214848904 1.0000000180025095e-35 1.0000000180025095e-35 150.50000000000003 5.5054563251677715 2.5000000000000004 130.50000000000003
decision_type=2 2 2 2 2 2 2 2 2 2 2 2 2 2
left_child=1 4 3 8 -1 -6 -3 -4 -2 -7 -9 -8 -13 -11
right_child=2 6 7 -5 5 9 11 10 -10 13 -12 12 -14 -15
leaf_value=-0.23494837298625854 -0.064346722249892796 -0.072273166181103701 0.24668771212299664 0.0965464068033422 -0.15503590268793929 -0.093709461449097239 0.12004206622885148 0.052574808798575158 0.032972911161395085 -0.032736201582476497 0.17519685632803225 -0.020725471030625449 0.095432153430634326 0.095966101502594742
leaf_weight=41 188 103 30 96 93 141 71 264 152 100 55 164 56 46
leaf_count=41 188 103 30 96 93 141 71 264 152 100 55 164 56 46
internal_value=-7.24685e-11 -0.0406127 0.0421648 0.00500723 -0.0858039 -0.069712 0.00767531 0.0885851 -0.0208391 -0.0420635 0.0737165 0.0359732 0.00884192 0.00781384
internal_weight=1600 815 785 436 421 380 394 349 340 287 319 291 220 146
internal_count=1600 815 785 436 421 380 394 349 340 287 319 291 220 146
is_linear=0
shrinkage=0.05


Tree=72
num_leaves=15
num_cat=0
split_feature=0 7 5 1 1 5 1 2 4 3 2 3 6 4
split_gain=1044.77 667.777 473.189 375.795 369.685 352.809 227.919 221.4 211.462 207.689 190.488 188.854 188.604 187.741
threshold=1.0000000180025095e-35 1.5000000000000002 3.5000000000000004 1.0000000180025095e-35 1.0000000180025095e-35 17.500000000000004 1.0000000180025095e-35 153.50000000000003 1.0000000180025095e-35 1.0000000180025095e-35 136.50000000000003 1.0000000180025095e-35 4.7599833881152511 1.0000000180025095e-35
decision_type=2 2 2 2 2 2 2 2 2 2 2 2 2 2
left_child=3 2 -2 8 7 6 11 12 -1 -5 -7 -3 -4 -6
right_child=1 5 4 9 13 10 -8 -9 -10 -11 -12 -13 -14 -15
leaf_value=-0.16625293319557041 -0.13245132916380425 -0.065763717603598101 0.037497606739634648 -0.071859610392563444 0.0049033551514754449 0.082564225668666544 0.068028084486824181 0.062961915813069397 -0.065905512312560213 0.032697666929258656 0.1871055199004906 0.037930904474595323 -0.077271295380342053 0.093183721169450534
leaf_weight=105 74 84 44 94 123 185 184 47 105 96 57 92 192 118
leaf_count=105 74 84 44 94 123 185 184 47 105 96 57 92 192 118
internal_value=1.136e-10 0.0233271 -0.0140963 -0.0699812 0.00261795 0.0605018 0.0291185 -0.0361378 -0.116079 -0.0190307 0.107188 -0.0115597 -0.0558737 0.0481278
internal_weight=1600 1200 598 400 524 602 360 283 210 190 242 176 236 241
internal_count=1600 1200 598 400 524 602 360 283 210 190 242 176 236 241
is_linear=0
shrinkage=0.05


Tree=73
num_leaves=15
num_cat=0
split_feature=4 2 5 7 2 1 6 0 3 0 3 7 5 5
split_gain=966.54 575.989 488.193 448.725 428.207 377.234 261.489 254.813 239.304 228.971 225.096 215.462 200.996 191.314
threshold=1.0000000180025095e-35 134.50000000000003 13.500000000000002 2.5000000000000004 154.50000000000003 1.0000000180025095e-35 3.6990209006267727 2.5000000000000004 1.0000000180025095e-35 2.5000000000000004 1.0000000180025095e-35 1.0000000180025095e-35 18.500000000000004 19.500000000000004
decision_type=2 2 2 2 2 2 2 2 2 2 2 2 2 2
left_child=1 2 9 4 5 7 -3 -2 -4 10 -1 -8 -9 -7
right_child=3 6 8 -5 -6 13 11 12 -10 -11 -12 -13 -14 -15
leaf_value=-0.21300464740046599 -0.064629756780741607 0.1734439587979405 -0.069102085056919157 0.10451789062527805 0.1151003091159816 0.011050157445125691 -0.088665603895982104 -0.028074168351789316 0.017260489674510472 -0.037241874746978286 -0.099317549806587482 0.035523891169727088 0.14574058955085689 0.10341795848088933
leaf_weight=79 221 27 164 194 95 146 45 39 157 60 97 156 29 91
leaf_count=79 221 27 164 194 95 146 45 39 157 60 97 156 29 91
internal_value=2.13971e-10 -0.0395972 -0.0669992 0.0381396 0.0174031 -0.000241891 0.0273454 -0.0385868 -0.0268624 -0.121592 -0.150348 0.00772027 0.0460527 0.0465163
internal_weight=1600 785 557 815 621 526 228 289 321 236 176 201 68 237
internal_count=1600 785 557 815 621 526 228 289 321 236 176 201 68 237
is_linear=0
shrinkage=0.05


Tree=74
num_leaves=15
num_cat=0
split_feature=6 7 0 3 5 5 5 4 0 6 2 2 0 5
split_gain=933.053 867.291 677.398 464.978 385.684 275.063 236.844 229.076 226.332 216.87 212.144 211.778 183.959 158.018
threshold=4.1642384759889302 1.0000000180025095e-35 1.0000000180025095e-35 1.0000000180025095e-35 17.500000000000004 6.5000000000000009 4.5000000000000009 1.0000000180025095e-35 1.5000000000000002 1.0676209573130191 127.50000000000001 66.500000000000014 1.5000000000000002 21.500000000000004
decision_type=2 2 2 2 2 2 2 2 2 2 2 2 2 2
left_child=9 5 4 7 10 -2 -5 11 -7 -1 -3 -4 -11 -9
right_child=1 2 3 6 -6 8 -8 13 -10 12 -12 -13 -14 -15
leaf_value=0.15256599100645296 -0.18568794783204795 -0.16087756022655716 -0.13237903403504842 -0.020851449010272822 0.010580853752791882 -0.11234417935626376 0.08791030354393857 0.0024208732895434851 -0.019728771015792335 0.011135383374302796 -0.037721263932233511 -0.015255237842949344 0.10332658908067688 0.10902930654895802
leaf_weight=77 60 96 53 60 100 135 302 126 129 114 55 142 103 48
leaf_count=77 60 96 53 60 100 135 302 126 129 114 55 142 103 48
internal_value=7.60047e-11 -0.0181161 0.00528829 0.0296223 -0.065581 -0.0890517 0.0698835 -0.00987506 -0.0670889 0.080475 -0.116019 -0.0470889 0.0548943 0.0318301
internal_weight=1600 1306 982 731 251 324 362 369 264 294 151 195 217 174
internal_count=1600 1306 982 731 251 324 362 369 264 294 151 195 217 174
is_linear=0
shrinkage=0.05


Tree=75
num_leaves=15
num_cat=0
split_feature=3 1 6 2 5 5 7 5 7 4 0 0 2 2
split_gain=890.013 572.402 424.965 395.742 331.621 330.52 311.309 288.505 288.051 227.052 208.984 207.966 204.119 189.917
threshold=1.0000000180025095e-35 1.0000000180025095e-35 5.2943274283287201 84.500000000000014 5.5000000000000009 2.5000000000000004 2.5000000000000004 3.5000000000000004 1.0000000180025095e-35 1.0000000180025095e-35 2.5000000000000004 1.5000000000000002 164.50000000000003 153.50000000000003
decision_type=2 2 2 2 2 2 2 2 2 2 2 2 2 2
left_child=1 5 -2 11 -5 -1 7 -3 -7 -10 12 -4 -9 -6
right_child=2 6 3 4 13 8 -8 10 9 -11 -12 -13 -14 -15
leaf_value=-0.21200924688757106 0.10593265851206157 -0.15123027893779284 -0.073013812134211709 -0.042590474010738615 0.051022811549250036 -0.1390568828991344 0.085021237625551305 -0.045696385956385678 -0.083056617944323008 0.0059019156923032787 0.076680864743662605 0.017541971085516767 0.10726134722679855 0.14217583892983385
leaf_weight=41 178 36 132 73 200 93 96 171 141 146 66 122 25 80
leaf_count=41 178 36 132 73 200 93 96 171 141 146 66 122 25 80
internal_value=1.01085e-10 -0.0365986 0.0379972 0.0180755 0.0523216 -0.0771353 0.00671609 -0.0185097 -0.0625831 -0.0378025 -0.000273325 -0.0295185 -0.0261865 0.0770665
internal_weight=1600 815 785 607 353 421 394 298 380 287 262 254 196 280
internal_count=1600 815 785 607 353 421 394 298 380 287 262 254 196 280
is_linear=0
shrinkage=0.05


Tree=76
num_leaves=15
num_cat=0
split_feature=7 0 6 5 2 1 5 0 0 2 3 2 6 4
split_gain=842.005 519.241 422.931 341.186 330.444 260.399 232.013 216.017 213.156 195.11 182.504 171.189 170.425 170.177
threshold=1.5000000000000002 1.5000000000000002 1.8773041284213978 12.500000000000002 135.50000000000003 1.0000000180025095e-35 5.5000000000000009 2.5000000000000004 1.5000000000000002 95.500000000000014 1.0000000180025095e-35 44.500000000000007 4.4375988319123989 1.0000000180025095e-35
decision_type=2 2 2 2 2 2 2 2 2 2 2 2 2 2
left_child=1 4 -2 7 6 13 -1 9 10 -4 -5 -7 -8 -3
right_child=2 5 3 8 -6 11 12 -9 -10 -11 -12 -13 -14 -15
leaf_value=-0.19578482625476848 0.15686647340432924 -0.079218906853348023 -0.093352838560487289 -0.033681528328577438 -0.0058944832293256642 -0.05278279132061553 0.00020444000512361525 0.051622041222778553 0.089174562287924627 0.0020203453751328668 0.061273613207562416 0.073313185498548983 -0.10348704585620246 0.010903574607589029
leaf_weight=55 67 100 99 93 124 33 50 87 217 117 111 146 191 110
leaf_count=55 67 100 99 93 124 33 50 87 217 117 111 146 191 110
internal_value=7.3851e-12 -0.0358659 0.036682 0.02556 -0.0744164 0.0057568 -0.103122 -0.0148991 0.054679 -0.0416924 0.0179852 0.0500664 -0.0819743 -0.0320119
internal_weight=1600 809 791 724 420 389 296 303 421 216 204 179 241 210
internal_count=1600 809 791 724 420 389 296 303 421 216 204 179 241 210
is_linear=0
shrinkage=0.05


Tree=77
num_leaves=15
num_cat=0
split_feature=4 0 2 2 5 3 0 6 1 2 7 5 7 5
split_gain=799.794 475.696 360.237 324.279 283.246 256.772 242.953 185.939 209.595 175.749 173.98 171.091 148.453 146.878
threshold=1.0000000180025095e-35 1.0000000180025095e-35 72.500000000000014 85.500000000000014 20.500000000000004 1.0000000180025095e-35 1.5000000000000002 3.7731832114842345 1.0000000180025095e-35 164.50000000000003 1.0000000180025095e-35 10.500000000000002 2.5000000000000004 4.5000000000000009
decision_type=2 2 2 2 2 2 2 2 2 2 2 2 2 2
left_child=1 5 6 11 9 -1 -2 -5 10 12 -9 -3 13 -4
right_child=2 3 4 7 -6 -7 -8 8 -10 -11 -12 -13 -14 -15
leaf_value=-0.16459172812628223 -0.0565579763392208 -0.12010596838708108 -0.083226386306600453 0.1067835009181682 0.11143713501528248 -0.050822521718817015 0.035449426857909812 -0.12869431472932683 0.046110545698967248 0.11230432733388272 -0.0079576391580067282 -0.028597954975919344 0.079626106486132706 0.017938933193178502
leaf_weight=91 143 78 45 49 174 109 144 39 144 59 127 148 73 177
leaf_count=91 143 78 45 49 174 109 144 39 144 59 127 148 73 177
internal_value=-6.12927e-11 -0.0360199 0.0346941 -0.0132618 0.0592021 -0.102588 -0.010394 0.0162747 0.00196845 0.0335273 -0.0363235 -0.0601804 0.0177719 -0.00256755
internal_weight=1600 785 815 585 528 200 287 359 310 354 166 226 295 222
internal_count=1600 785 815 585 528 200 287 359 310 354 166 226 295 222
is_linear=0
shrinkage=0.05


Tree=78
num_leaves=15
num_cat=0
split_feature=3 1 5 7 5 7 6 5 7 1 2 2 0 6
split_gain=780.435 491.328 369.13 298.859 278.354 266.047 240.817 239.139 237.895 226.195 206.407 202.072 169.622 188.777
threshold=1.0000000180025095e-35 1.0000000180025095e-35 16.500000000000004 2.5000000000000004 2.5000000000000004 2.5000000000000004 1.7543245214848904 3.5000000000000004 1.0000000180025095e-35 1.0000000180025095e-35 130.50000000000003 150.50000000000003 2.5000000000000004 2.8713063288063796
decision_type=2 2 2 2 2 2 2 2 2 2 2 2 2 2
left_child=1 4 3 9 -1 7 -4 -3 -6 -2 -10 -8 13 -9
right_child=2 5 6 -5 8 -7 11 12 10 -11 -12 -13 -14 -15
leaf_value=-0.19560145332318982 -0.053761277970501245 -0.13829486068441638 0.20934045178194843 0.08281032156664879 -0.12797115886764182 0.078247601822173843 0.043003205935978756 0.095992621097580666 -0.065078494570767267 0.028264452779886168 0.025779290015444808 0.14835340765050867 0.068470639933013555 -0.044236821895797869
leaf_weight=41 188 36 30 96 93 96 264 28 195 152 92 55 66 168
leaf_count=41 188 36 30 96 93 96 264 28 195 152 92 55 66 168
internal_value=-4.30737e-12 -0.0342716 0.0355814 0.00490566 -0.071828 0.00585844 0.073904 -0.0174616 -0.0584735 -0.017091 -0.0359534 0.061167 -0.000858513 -0.024204
internal_weight=1600 815 785 436 421 394 349 298 380 340 287 319 262 196
internal_count=1600 815 785 436 421 394 349 298 380 340 287 319 262 196
is_linear=0
shrinkage=0.05


Tree=79
num_leaves=15
num_cat=0
split_feature=4 0 5 7 3 6 5 3 6 1 0 5 6 5
split_gain=720.466 446.522 368.326 355.259 317.894 252.886 230.915 225.831 211.754 191.064 183.005 180.784 152.983 179.871
threshold=1.0000000180025095e-35 2.5000000000000004 2.5000000000000004 2.5000000000000004 1.0000000180025095e-35 8.2342093643252614 20.500000000000004 1.0000000180025095e-35 4.7599833881152511 1.0000000180025095e-35 2.5000000000000004 17.500000000000004 1.8773041284213978 1.5000000000000002
decision_type=2 2 2 2 2 2 2 2 2 2 2 2 2 2
left_child=1 2 -1 5 6 -4 8 -7 -2 -5 -10 -9 -6 -14
right_child=4 -3 3 9 12 7 -8 11 10 -11 -12 -13 13 -15
leaf_value=-0.18091631275865269 0.051923387377804914 0.033966026572085438 -0.0081334249528277839 -0.02166661122010077 0.16030591918449655 -0.13808691992616171 0.057092984633125149 -0.093434726244405575 -0.074919584078374526 0.1030559370259069 0.03089080731977116 0.018123750497276585 -0.074554597035050393 0.064475845990341105
leaf_weight=53 71 184 134 73 38 136 132 92 159 53 55 60 25 335
leaf_count=53 71 184 134 73 38 136 132 92 159 53 55 60 25 335
internal_value=-3.90646e-11 -0.034187 -0.0550525 -0.0428795 0.0329286 -0.0648774 0.00242114 -0.0912791 -0.0229006 0.030796 -0.0477253 -0.0493985 0.0648924 0.054821
internal_weight=1600 785 601 548 815 422 417 288 285 126 214 152 398 360
internal_count=1600 785 601 548 815 422 417 288 285 126 214 152 398 360
is_linear=0
shrinkage=0.05


Tree=80
num_leaves=15
num_cat=0
split_feature=1 0 2 2 6 6 4 2 7 0 6 3 5 5
split_gain=700.379 579.343 325.599 312.527 249.682 222.685 215.686 178.957 230.566 166.755 165.916 177.534 154.623 152.81
threshold=1.0000000180025095e-35 2.5000000000000004 163.50000000000003 67.500000000000014 1.5496403646575969 3.0527090176027802 1.0000000180025095e-35 119.50000000000001 2.5000000000000004 1.5000000000000002 4.0176069849061617 1.0000000180025095e-35 17.500000000000004 4.5000000000000009
decision_type=2 2 2 2 2 2 2 2 2 2 2 2 2 2
left_child=1 2 4 9 -1 -3 -6 8 -7 -2 -5 -12 -9 -8
right_child=3 5 -4 10 6 7 13 12 -10 -11 11 -13 -14 -15
leaf_value=0.054851658080214971 -0.053908351796264409 0.18136696177721023 0.042919689005142765 0.11857380825401909 -0.10900342144765135 -0.060791025955866024 -0.12623578764226598 0.012719714299247072 0.099282311780318142 0.030709353499032824 0.013550301006422986 0.07869062935673457 0.15932098399531763 -0.027967093217704034
leaf_weight=39 119 25 76 91 258 82 48 37 31 114 223 197 35 225
leaf_count=39 119 25 76 91 258 82 48 37 31 114 223 197 35 225
internal_value=3.70746e-11 -0.0308408 -0.0542936 0.0354835 -0.0672554 0.0413044 -0.0762237 0.022377 -0.0168771 -0.0125074 0.0573659 0.0441042 0.0839842 -0.0452451
internal_weight=1600 856 646 744 570 210 531 185 113 233 511 420 72 273
internal_count=1600 856 646 744 570 210 531 185 113 233 511 420 72 273
is_linear=0
shrinkage=0.05


Tree=81
num_leaves=15
num_cat=0
split_feature=7 0 6 2 1 0 5 5 5 2 1 5 6 4
split_gain=669.004 415.769 313.414 299.02 269.923 257.369 201.781 185.834 161.98 203.152 154.672 128.246 119.088 114.693
threshold=1.5000000000000002 1.0000000180025095e-35 1.8773041284213978 119.50000000000001 1.0000000180025095e-35 2.5000000000000004 5.5000000000000009 16.500000000000004 4.5000000000000009 162.50000000000003 1.0000000180025095e-35 16.500000000000004 4.1642384759889302 1.0000000180025095e-35
decision_type=2 2 2 2 2 2 2 2 2 2 2 2 2 2
left_child=1 7 -2 6 5 8 -3 -1 -4 -10 -8 -7 -5 -14
right_child=2 3 4 12 -6 11 10 -9 9 -11 -12 -13 13 -15
leaf_value=-0.13518568652965454 0.13615727349281756 -0.118491870371195 -0.11592087067015794 0.11258016808889806 0.055567744179793148 0.014403056315595991 -0.053522968482935723 -0.040955758360602584 -0.030336976104803633 0.11308052236480373 0.018205001472961158 0.12835028171972482 -0.019917403477035009 0.058036034083464638
leaf_weight=115 67 65 46 40 340 58 168 96 209 28 136 43 98 91
leaf_count=115 67 65 46 40 340 58 168 96 209 28 136 43 98 91
internal_value=-1.58238e-10 -0.0319697 0.0326972 -0.0106779 0.0231228 -0.00560441 -0.038531 -0.0923133 -0.0300584 -0.0133931 -0.0214341 0.0629152 0.0342034 0.0176157
internal_weight=1600 809 791 598 724 384 369 211 283 237 304 101 229 189
internal_count=1600 809 791 598 724 384 369 211 283 237 304 101 229 189
is_linear=0
shrinkage=0.05


Tree=82
num_leaves=15
num_cat=0
split_feature=3 0 5 5 6 2 4 4 0 7 7 1 2 2
split_gain=648.608 392.981 294.042 284.885 242.437 237.08 213.464 197.34 186.671 164.105 157.485 139.336 137.659 135.699
threshold=1.0000000180025095e-35 1.0000000180025095e-35 14.500000000000002 1.0000000180025095e-35 2.8713063288063796 155.50000000000003 1.0000000180025095e-35 1.0000000180025095e-35 2.5000000000000004 1.0000000180025095e-35 1.5000000000000002 1.0000000180025095e-35 141.50000000000003 164.50000000000003
decision_type=2 2 2 2 2 2 2 2 2 2 2 2 2 2
left_child=1 7 8 -3 -5 10 13 -1 9 -2 11 -4 -11 -6
right_child=2 3 5 4 6 -7 -8 -9 -10 12 -12 -13 -14 -15
leaf_value=-0.1463955186443035 -0.085464412780212509 -0.17018083601638123 -0.023048483970789957 0.078623204195400254 -0.062342932593052694 0.15972537587362309 0.016558763270741367 -0.046864454983310266 0.062620840199612157 -0.020197997039579082 0.081610559024848039 0.066360482881466551 0.07177401951824626 0.043458079666431462
leaf_weight=91 70 27 104 77 226 54 249 110 93 165 170 75 54 35
leaf_count=91 70 27 104 77 226 54 249 110 93 165 170 75 54 35
internal_value=-1.03319e-11 -0.0312433 0.0324373 -0.0113782 -0.00407385 0.0622307 -0.0165595 -0.0919258 0.00100617 -0.0188214 0.0471455 0.0144134 0.00248003 -0.0481551
internal_weight=1600 815 785 614 587 403 510 201 382 289 349 179 219 261
internal_count=1600 815 785 614 587 403 510 201 382 289 349 179 219 261
is_linear=0
shrinkage=0.05


Tree=83
num_leaves=15
num_cat=0
split_feature=2 5 4 1 0 3 5 6 2 7 7 1 7 7
split_gain=614.975 368.614 323.544 268.651 216.78 198.251 179.551 176.994 152.656 129.087 123.595 135.067 122.905 118.534
threshold=85.500000000000014 19.500000000000004 1.0000000180025095e-35 1.0000000180025095e-35 1.5000000000000002 1.0000000180025095e-35 1.5000000000000002 1.0676209573130191 158.50000000000003 1.0000000180025095e-35 1.0000000180025095e-35 1.0000000180025095e-35 2.5000000000000004 1.0000000180025095e-35
decision_type=2 2 2 2 2 2 2 2 2 2 2 2 2 2
left_child=2 3 6 5 9 8 -1 -3 -2 -4 -8 -12 -5 -9
right_child=1 7 4 12 -6 -7 10 13 -10 -11 11 -13 -14 -15
leaf_value=-0.2078579214765974 -0.10292272925956772 0.21279372362419965 -0.11755261841381706 0.018239008688722694 0.036880850327913377 0.009457098943548221 -0.11627640297895746 0.0045996682544549305 0.0045539046327273047 -0.017986521608832139 -0.077744713981376334 0.0022464861893045007 0.092087325260236663 0.076794668554942658
leaf_weight=23 106 20 43 210 170 165 79 75 48 134 122 93 77 235
leaf_count=23 106 20 43 210 170 165 79 75 48 134 122 93 77 235
internal_value=1.04461e-10 0.0261087 -0.0368038 0.00295399 -0.00344441 -0.0286232 -0.0733202 0.0686291 -0.0694235 -0.0421749 -0.0627951 -0.0431439 0.038052 0.0593281
internal_weight=1600 936 664 606 347 319 317 330 154 177 294 215 287 310
internal_count=1600 936 664 606 347 319 317 330 154 177 294 215 287 310
is_linear=0
shrinkage=0.05


Tree=84
num_leaves=15
num_cat=0
split_feature=7 5 4 0 2 2 0 7 2 6 6 3 5 1
split_gain=582.421 526.912 321.926 257.407 196.486 193.782 177.82 189.394 152.321 146.673 146.359 143.735 129.65 127.16
threshold=2.5000000000000004 17.500000000000004 1.0000000180025095e-35 1.5000000000000002 91.500000000000014 164.50000000000003 1.0000000180025095e-35 1.0000000180025095e-35 146.50000000000003 1.8773041284213978 8.2342093643252614 1.0000000180025095e-35 1.5000000000000002 1.0000000180025095e-35
decision_type=2 2 2 2 2 2 2 2 2 2 2 2 2 2
left_child=1 2 6 4 -3 11 10 -8 13 -2 -1 -4 -11 -5
right_child=9 3 5 8 -6 -7 7 -9 -10 12 -12 -13 -14 -15
leaf_value=-0.018278948934748768 0.14863278001949595 -0.060768607161815993 -0.059770493588701762 0.0033294125624439294 0.026372275173851701 0.094147467918885064 -0.12404760435150053 -0.030295571708246261 0.13549532631830294 -0.063487718655512879 -0.17094606856164868 0.0090281167494690728 0.052653819110541247 0.080903464293009361
leaf_weight=20 37 121 147 119 139 39 76 185 49 26 73 157 317 95
leaf_count=20 37 121 147 119 139 39 76 185 49 26 73 157 317 95
internal_value=9.32487e-11 -0.0168361 -0.0452999 0.0210976 -0.0141818 -0.0107787 -0.0787484 -0.057595 0.0559745 0.0540526 -0.138114 -0.0242396 0.0438501 0.0377665
internal_weight=1600 1220 697 523 260 343 354 261 263 380 93 304 343 214
internal_count=1600 1220 697 523 260 343 354 261 263 380 93 304 343 214
is_linear=0
shrinkage=0.05


Tree=85
num_leaves=15
num_cat=0
split_feature=3 1 6 7 2 2 5 0 2 5 6 0 2 6
split_gain=559.944 349.398 267.645 255.959 199.618 198.706 197.351 157.414 150.816 146.582 123.579 120.383 113.633 103.935
threshold=1.0000000180025095e-35 1.0000000180025095e-35 5.2943274283287201 1.0000000180025095e-35 38.500000000000007 85.500000000000014 6.5000000000000009 1.5000000000000002 69.500000000000014 1.5000000000000002 2.2465043372243758 1.0000000180025095e-35 27.500000000000004 10.93074364784731
decision_type=2 2 2 2 2 2 2 2 2 2 2 2 2 2
left_child=1 6 -2 -4 12 11 -1 10 -8 -7 -6 -5 -3 -10
right_child=2 4 3 5 7 9 8 -9 13 -11 -12 -13 -14 -15
leaf_value=-0.12681863532516729 0.084052504605503786 -0.0052716708996079185 -0.042093931611578005 -0.068394146681001244 0.10190616942942143 -0.065869768779902235 -0.092525537687220757 0.05249130341443508 0.016412783190608026 0.071774577091885158 -0.030156716979183859 0.019362781729411197 -0.15835454156277357 -0.051443216760383284
leaf_weight=89 178 22 151 55 20 21 105 170 105 245 155 135 27 122
leaf_count=89 178 22 151 55 20 21 105 170 105 245 155 135 27 122
internal_value=6.25078e-11 -0.0290294 0.0301388 0.0143289 0.00481169 0.0330127 -0.0607002 0.0182242 -0.0429756 0.0609079 -0.0150638 -0.00604054 -0.0896235 -0.0200561
internal_weight=1600 815 785 607 394 456 421 345 332 266 175 190 49 227
internal_count=1600 815 785 607 394 456 421 345 332 266 175 190 49 227
is_linear=0
shrinkage=0.05


Tree=86
num_leaves=15
num_cat=0
split_feature=4 2 5 7 2 1 6 0 0 7 1 5 1 5
split_gain=522.09 327.915 267.016 251.776 231.005 217.182 161.349 158.982 134.663 125.183 124.591 118.154 115.715 107.574
threshold=1.0000000180025095e-35 134.50000000000003 13.500000000000002 2.5000000000000004 154.50000000000003 1.0000000180025095e-35 3.6990209006267727 2.5000000000000004 1.5000000000000002 1.0000000180025095e-35 1.0000000180025095e-35 18.500000000000004 1.0000000180025095e-35 20.500000000000004
decision_type=2 2 2 2 2 2 2 2 2 2 2 2 2 2
left_child=1 2 10 4 5 7 -3 -2 -4 -8 -1 -9 -10 -7
right_child=3 6 8 -5 -6 13 9 11 12 -11 -12 -13 -14 -15
leaf_value=-0.12556936940994143 -0.050127499170361169 0.13617056984868314 -0.052783172989978734 0.077752378422613302 0.084255413271878909 0.01051512536202227 -0.067476637471053341 -0.019534780237919245 -0.025337086667071337 0.027184418397836196 -0.052887351116337612 0.11373036735016724 0.059830078451146546 0.081329999195139224
leaf_weight=121 221 27 159 194 95 155 45 39 91 156 115 29 71 82
leaf_count=121 221 27 159 194 95 155 45 39 91 156 115 29 71 82
internal_value=1.11722e-11 -0.0291023 -0.0497777 0.028031 0.0124981 -0.00046188 0.0214076 -0.0295566 -0.0200943 0.00599164 -0.0901523 0.0372989 0.0119893 0.0350165
internal_weight=1600 785 557 815 621 526 228 289 321 201 236 68 162 237
internal_count=1600 785 557 815 621 526 228 289 321 201 236 68 162 237
is_linear=0
shrinkage=0.05


Tree=87
num_leaves=15
num_cat=0
split_feature=3 6 0 5 6 7 7 0 2 5 2 0 7 5
split_gain=508.584 316.747 309.515 270.369 234.015 228.962 220.035 174.69 150.939 140.077 122.034 120.913 110.175 101.032
threshold=1.0000000180025095e-35 3.8601233819853067 2.5000000000000004 1.0000000180025095e-35 5.2943274283287201 1.0000000180025095e-35 1.0000000180025095e-35 1.0000000180025095e-35 164.50000000000003 20.500000000000004 155.50000000000003 1.0000000180025095e-35 2.5000000000000004 17.500000000000004
decision_type=2 2 2 2 2 2 2 2 2 2 2 2 2 2
left_child=1 -1 3 -3 -2 -5 -6 13 9 11 12 -7 -9 -8
right_child=4 2 -4 5 6 8 7 10 -10 -11 -12 -13 -14 -15
leaf_value=0.040193421250655198 0.079136228507510231 -0.23703829908654805 0.017274769678072309 -0.11474366921963347 -0.038373677719951864 -0.11818036231605773 -0.056789052204505822 0.016664064529677624 0.054757224582690035 0.001319888360657782 0.11696758123912983 -0.041010986358373309 0.08625865073143682 0.038885829614644707
leaf_weight=142 178 21 166 117 151 79 74 203 42 106 56 142 79 44
leaf_count=142 178 21 166 117 151 79 74 203 42 106 56 142 79 44
internal_value=-2.95513e-11 -0.0276661 -0.0419841 -0.0613864 0.0287234 -0.0537965 0.01394 0.0312632 -0.0344718 -0.0459324 0.0495486 -0.0685964 0.0361604 -0.0211137
internal_weight=1600 815 673 507 785 486 607 456 369 327 338 221 282 118
internal_count=1600 815 673 507 785 486 607 456 369 327 338 221 282 118
is_linear=0
shrinkage=0.05


Tree=88
num_leaves=15
num_cat=0
split_feature=2 5 3 0 6 0 5 7 0 6 6 7 4 2
split_gain=479.162 317.22 284.898 237.999 190.494 172.722 160.247 146.254 131.607 126.099 117.245 113.89 116.345 109.357
threshold=67.500000000000014 4.5000000000000009 1.0000000180025095e-35 2.5000000000000004 2.8713063288063796 1.5000000000000002 19.500000000000004 1.0000000180025095e-35 2.5000000000000004 1.8773041284213978 3.1480202828625106 1.0000000180025095e-35 1.0000000180025095e-35 153.50000000000003
decision_type=2 2 2 2 2 2 2 2 2 2 2 2 2 2
left_child=3 8 4 6 -3 7 10 -6 -2 -4 -1 -12 -13 -11
right_child=1 2 9 -5 5 -7 -8 -9 -10 13 11 12 -14 -15
leaf_value=0.015925601601600649 -0.072102937832489986 0.083616380719468003 0.14814650451411984 0.016692824464707608 -0.1097800629703622 0.022241033665612683 -0.017169801091703657 -0.015693941352578501 0.027938923463225365 0.036801259009881279 -0.16534359053689607 -0.12032847816561476 -0.035048289332963244 0.098634450135590593
leaf_weight=25 122 64 36 132 57 217 130 150 45 321 49 81 79 92
leaf_count=25 122 64 36 132 57 217 130 150 45 321 49 81 79 92
internal_value=-3.80278e-11 0.0183403 0.0296553 -0.0408221 0.00320942 -0.00892748 -0.0616791 -0.0416017 -0.0451456 0.0583983 -0.0864065 -0.0986472 -0.0782214 0.0505752
internal_weight=1600 1104 937 496 488 424 364 207 167 449 234 209 160 413
internal_count=1600 1104 937 496 488 424 364 207 167 449 234 209 160 413
is_linear=0
shrinkage=0.05


Tree=89
num_leaves=15
num_cat=0
split_feature=1 0 2 2 5 6 4 7 2 3 5 5 6 2
split_gain=464.076 379.842 206.916 192.975 178.653 163.887 146.233 129.549 164.337 120.687 119.682 113.719 100.239 98.1226
threshold=1.0000000180025095e-35 2.5000000000000004 69.500000000000014 67.500000000000014 4.5000000000000009 3.0527090176027802 1.0000000180025095e-35 2.5000000000000004 119.50000000000001 1.0000000180025095e-35 17.500000000000004 17.500000000000004 8.2342093643252614 164.50000000000003
decision_type=2 2 2 2 2 2 2 2 2 2 2 2 2 2
left_child=1 2 -1 9 -4 -3 12 8 -7 -2 -10 -5 -6 -14
right_child=3 5 4 11 6 7 -8 -9 10 -11 -12 -13 13 -15
leaf_value=-0.086352281955303631 -0.044351700802286301 0.15346935939788819 -0.095527705724040679 0.026217502289541991 0.0088071235957054 -0.052321898128564776 0.021245045311625493 0.089807762100320807 -0.012978081918995958 0.027624503302833309 0.13194702032155223 0.074090749479247917 -0.089893930181860926 0.020854975044727327
leaf_weight=200 118 25 75 299 65 82 181 46 29 115 28 212 100 25
leaf_count=200 118 25 75 299 65 82 181 46 29 115 28 212 100 25
internal_value=7.5247e-11 -0.0251047 -0.0440948 0.0288839 -0.0251452 0.0333126 -0.010917 0.0170752 -0.00699456 -0.00882696 0.0582132 0.0460788 -0.0415556 -0.0677441
internal_weight=1600 856 646 744 446 210 371 185 139 233 57 511 190 125
internal_count=1600 856 646 744 446 210 371 185 139 233 57 511 190 125
is_linear=0
shrinkage=0.05


end of trees

feature_importances:
overdue_days=297
priority_level=246
duration_minutes=175
emergency=151
location_km=128
requires_traffic_block=110
resource_pressure=83
requires_power_block=70

parameters:
[boosting: gbdt]
[objective: regression]
[metric: l2]
[tree_learner: serial]
[device_type: cpu]
[data_sample_strategy: bagging]
[data: ]
[valid: ]
[num_iterations: 90]
[learning_rate: 0.05]
[num_leaves: 15]
[num_threads: 0]
[seed: 26027]
[deterministic: 0]
[force_col_wise: 0]
[force_row_wise: 0]
[histogram_pool_size: -1]
[max_depth: -1]
[min_data_in_leaf: 20]
[min_sum_hessian_in_leaf: 0.001]
[bagging_fraction: 1]
[pos_bagging_fraction: 1]
[neg_bagging_fraction: 1]
[bagging_freq: 0]
[bagging_seed: 16076]
[bagging_by_query: 0]
[feature_fraction: 1]
[feature_fraction_bynode: 1]
[feature_fraction_seed: 3519]
[extra_trees: 0]
[extra_seed: 9403]
[early_stopping_round: 0]
[early_stopping_min_delta: 0]
[first_metric_only: 0]
[max_delta_step: 0]
[lambda_l1: 0]
[lambda_l2: 0]
[linear_lambda: 0]
[min_gain_to_split: 0]
[drop_rate: 0.1]
[max_drop: 50]
[skip_drop: 0.5]
[xgboost_dart_mode: 0]
[uniform_drop: 0]
[drop_seed: 26877]
[top_rate: 0.2]
[other_rate: 0.1]
[min_data_per_group: 100]
[max_cat_threshold: 32]
[cat_l2: 10]
[cat_smooth: 10]
[max_cat_to_onehot: 4]
[top_k: 20]
[monotone_constraints: ]
[monotone_constraints_method: basic]
[monotone_penalty: 0]
[feature_contri: ]
[forcedsplits_filename: ]
[refit_decay_rate: 0.9]
[cegb_tradeoff: 1]
[cegb_penalty_split: 0]
[cegb_penalty_feature_lazy: ]
[cegb_penalty_feature_coupled: ]
[path_smooth: 0]
[interaction_constraints: ]
[verbosity: -1]
[saved_feature_importance_type: 0]
[use_quantized_grad: 0]
[num_grad_quant_bins: 4]
[quant_train_renew_leaf: 0]
[stochastic_rounding: 1]
[linear_tree: 0]
[max_bin: 255]
[max_bin_by_feature: ]
[min_data_in_bin: 3]
[bin_construct_sample_cnt: 200000]
[data_random_seed: 19495]
[is_enable_sparse: 1]
[enable_bundle: 1]
[use_missing: 1]
[zero_as_missing: 0]
[feature_pre_filter: 1]
[pre_partition: 0]
[two_round: 0]
[header: 0]
[label_column: ]
[weight_column: ]
[group_column: ]
[ignore_column: ]
[categorical_feature: ]
[forcedbins_filename: ]
[precise_float_parser: 0]
[parser_config_file: ]
[objective_seed: 30827]
[num_class: 1]
[is_unbalance: 0]
[scale_pos_weight: 1]
[sigmoid: 1]
[boost_from_average: 1]
[reg_sqrt: 0]
[alpha: 0.9]
[fair_c: 1]
[poisson_max_delta_step: 0.7]
[tweedie_variance_power: 1.5]
[lambdarank_truncation_level: 30]
[lambdarank_norm: 1]
[label_gain: ]
[lambdarank_position_bias_regularization: 0]
[eval_at: ]
[multi_error_top_k: 1]
[auc_mu_weights: ]
[num_machines: 1]
[local_listen_port: 12400]
[time_out: 120]
[machine_list_filename: ]
[machines: ]
[gpu_platform_id: -1]
[gpu_device_id: -1]
[gpu_use_dp: 0]
[num_gpu: 1]

end of parameters

pandas_categorical:null
